name,manufacturer,tdp,cores,frequency,total_die_size,gwp_embedded,gwp_use,gwp_total,pe_embedded,pe_use,pe_total,adp_embedded,adp_use,adp_total
AMD A10 PRO-7800B,AMD,65.0,4.0,3.5,245.0,12.7,600.0,612.7,200.0,20000.0,20200.0,0.0204,0.00011,0.02051
AMD A10 PRO-7850B,AMD,95.0,4.0,3.7,245.0,12.7,900.0,912.7,200.0,30000.0,30200.0,0.0204,0.00016,0.020560000000000002
AMD A10-4600M,AMD,35.0,4.0,2.3,246.0,12.7,300.0,312.7,200.0,10000.0,10200.0,0.0204,6e-05,0.020460000000000002
AMD A10-4655M,AMD,25.0,4.0,2.0,246.0,12.7,250.0,262.7,200.0,10000.0,10200.0,0.0204,4e-05,0.02044
AMD A10-5700,AMD,65.0,4.0,3.4,246.0,12.7,600.0,612.7,200.0,20000.0,20200.0,0.0204,0.00011,0.02051
AMD A10-5745M,AMD,25.0,4.0,2.1,246.0,12.7,250.0,262.7,200.0,10000.0,10200.0,0.0204,4e-05,0.02044
AMD A10-5750M,AMD,35.0,4.0,2.5,246.0,12.7,300.0,312.7,200.0,10000.0,10200.0,0.0204,6e-05,0.020460000000000002
AMD A10-5757M,AMD,35.0,4.0,2.5,246.0,12.7,300.0,312.7,200.0,10000.0,10200.0,0.0204,6e-05,0.020460000000000002
AMD A10-5800B,AMD,100.0,4.0,3.8,246.0,12.7,1000.0,1012.7,200.0,30000.0,30200.0,0.0204,0.00017,0.02057
AMD A10-5800K,AMD,100.0,4.0,3.8,246.0,12.7,1000.0,1012.7,200.0,30000.0,30200.0,0.0204,0.00017,0.02057
AMD A10-6700,AMD,65.0,4.0,3.7,246.0,12.7,600.0,612.7,200.0,20000.0,20200.0,0.0204,0.00011,0.02051
AMD A10-6700T,AMD,45.0,4.0,2.5,246.0,12.7,400.0,412.7,200.0,20000.0,20200.0,0.0204,8e-05,0.02048
AMD A10-6790B,AMD,100.0,4.0,4.0,246.0,12.7,1000.0,1012.7,200.0,30000.0,30200.0,0.0204,0.00017,0.02057
AMD A10-6790K,AMD,100.0,4.0,4.0,246.0,12.7,1000.0,1012.7,200.0,30000.0,30200.0,0.0204,0.00017,0.02057
AMD A10-6800K,AMD,100.0,4.0,4.1,246.0,12.7,1000.0,1012.7,200.0,30000.0,30200.0,0.0204,0.00017,0.02057
AMD A10-7700K,AMD,95.0,4.0,3.4,245.0,12.7,900.0,912.7,200.0,30000.0,30200.0,0.0204,0.00016,0.020560000000000002
AMD A10-7800,AMD,65.0,4.0,3.5,245.0,12.7,600.0,612.7,200.0,20000.0,20200.0,0.0204,0.00011,0.02051
AMD A10-7850K,AMD,95.0,4.0,3.7,245.0,12.7,900.0,912.7,200.0,30000.0,30200.0,0.0204,0.00016,0.020560000000000002
AMD A10-7860K,AMD,65.0,4.0,3.6,245.0,12.7,600.0,612.7,200.0,20000.0,20200.0,0.0204,0.00011,0.02051
AMD A10-7870K,AMD,95.0,4.0,3.9,245.0,12.7,900.0,912.7,200.0,30000.0,30200.0,0.0204,0.00016,0.020560000000000002
AMD A10-7890K,AMD,95.0,4.0,4.0,245.0,12.7,900.0,912.7,200.0,30000.0,30200.0,0.0204,0.00016,0.020560000000000002
AMD A10-9700,AMD,65.0,4.0,3.5,250.0,12.7,600.0,612.7,200.0,20000.0,20200.0,0.0204,0.00011,0.02051
AMD A10-9700E,AMD,35.0,4.0,3.0,250.0,12.7,300.0,312.7,200.0,10000.0,10200.0,0.0204,6e-05,0.020460000000000002
AMD A12-9800,AMD,65.0,4.0,3.8,250.0,12.7,600.0,612.7,200.0,20000.0,20200.0,0.0204,0.00011,0.02051
AMD A12-9800E,AMD,35.0,4.0,3.1,250.0,12.7,300.0,312.7,200.0,10000.0,10200.0,0.0204,6e-05,0.020460000000000002
AMD A4 PRO-7300B,AMD,65.0,2.0,3.8,246.0,17.0,600.0,617.0,260.0,20000.0,20260.0,0.0204,0.00011,0.02051
AMD A4 PRO-7350B,AMD,65.0,2.0,3.4,245.0,17.0,600.0,617.0,260.0,20000.0,20260.0,0.0204,0.00011,0.02051
AMD A4-1200,AMD,4.0,2.0,1.0,107.0,17.0,40.0,57.0,260.0,1000.0,1260.0,0.0204,7e-06,0.020407
AMD A4-1250,AMD,8.0,2.0,1.0,107.0,17.0,80.0,97.0,260.0,3000.0,3260.0,0.0204,1.3e-05,0.020413
AMD A4-1350,AMD,8.0,4.0,1.0,107.0,12.7,80.0,92.7,200.0,3000.0,3200.0,0.0204,1.3e-05,0.020413
AMD A4-3300,AMD,65.0,2.0,2.5,228.0,17.0,600.0,617.0,260.0,20000.0,20260.0,0.0204,0.00011,0.02051
AMD A4-3300M,AMD,35.0,2.0,1.9,228.0,17.0,300.0,317.0,260.0,10000.0,10260.0,0.0204,6e-05,0.020460000000000002
AMD A4-3305M,AMD,35.0,2.0,1.9,228.0,17.0,300.0,317.0,260.0,10000.0,10260.0,0.0204,6e-05,0.020460000000000002
AMD A4-3310MX,AMD,35.0,2.0,2.1,228.0,17.0,300.0,317.0,260.0,10000.0,10260.0,0.0204,6e-05,0.020460000000000002
AMD A4-3320M,AMD,35.0,2.0,2.0,228.0,17.0,300.0,317.0,260.0,10000.0,10260.0,0.0204,6e-05,0.020460000000000002
AMD A4-3330MX,AMD,45.0,2.0,2.2,228.0,17.0,400.0,417.0,260.0,20000.0,20260.0,0.0204,8e-05,0.02048
AMD A4-3400,AMD,65.0,2.0,2.7,228.0,17.0,600.0,617.0,260.0,20000.0,20260.0,0.0204,0.00011,0.02051
AMD A4-3420,AMD,65.0,2.0,2.8,228.0,17.0,600.0,617.0,260.0,20000.0,20260.0,0.0204,0.00011,0.02051
AMD A4-4000,AMD,65.0,2.0,3.0,246.0,17.0,600.0,617.0,260.0,20000.0,20260.0,0.0204,0.00011,0.02051
AMD A4-4020,AMD,65.0,2.0,3.2,246.0,17.0,600.0,617.0,260.0,20000.0,20260.0,0.0204,0.00011,0.02051
AMD A4-4300M,AMD,35.0,2.0,2.5,246.0,17.0,300.0,317.0,260.0,10000.0,10260.0,0.0204,6e-05,0.020460000000000002
AMD A4-4355M,AMD,17.0,2.0,1.9,246.0,17.0,170.0,187.0,260.0,10000.0,10260.0,0.0204,3e-05,0.02043
AMD A4-5000,AMD,15.0,4.0,1.5,107.0,12.7,150.0,162.7,200.0,10000.0,10200.0,0.0204,2.5e-05,0.020425000000000002
AMD A4-5050,AMD,15.0,4.0,1.55,107.0,12.7,150.0,162.7,200.0,10000.0,10200.0,0.0204,2.5e-05,0.020425000000000002
AMD A4-5145M,AMD,17.0,2.0,2.0,246.0,17.0,170.0,187.0,260.0,10000.0,10260.0,0.0204,3e-05,0.02043
AMD A4-5150M,AMD,35.0,2.0,2.7,246.0,17.0,300.0,317.0,260.0,10000.0,10260.0,0.0204,6e-05,0.020460000000000002
AMD A4-5300,AMD,65.0,2.0,3.4,246.0,17.0,600.0,617.0,260.0,20000.0,20260.0,0.0204,0.00011,0.02051
AMD A4-5300B,AMD,65.0,2.0,3.4,246.0,17.0,600.0,617.0,260.0,20000.0,20260.0,0.0204,0.00011,0.02051
AMD A4-6300,AMD,65.0,2.0,3.7,246.0,17.0,600.0,617.0,260.0,20000.0,20260.0,0.0204,0.00011,0.02051
AMD A4-6300B,AMD,65.0,2.0,3.7,246.0,17.0,600.0,617.0,260.0,20000.0,20260.0,0.0204,0.00011,0.02051
AMD A4-6320,AMD,65.0,2.0,3.8,246.0,17.0,600.0,617.0,260.0,20000.0,20260.0,0.0204,0.00011,0.02051
AMD A4-6320B,AMD,65.0,2.0,3.8,246.0,17.0,600.0,617.0,260.0,20000.0,20260.0,0.0204,0.00011,0.02051
AMD A4-7300,AMD,65.0,2.0,3.8,246.0,17.0,600.0,617.0,260.0,20000.0,20260.0,0.0204,0.00011,0.02051
AMD A6 PRO-7400B,AMD,65.0,2.0,3.5,245.0,17.0,600.0,617.0,260.0,20000.0,20260.0,0.0204,0.00011,0.02051
AMD A6-1450,AMD,8.0,4.0,1.0,107.0,12.7,80.0,92.7,200.0,3000.0,3200.0,0.0204,1.3e-05,0.020413
AMD A6-3400M,AMD,35.0,4.0,1.4,228.0,12.7,300.0,312.7,200.0,10000.0,10200.0,0.0204,6e-05,0.020460000000000002
AMD A6-3410MX,AMD,45.0,4.0,1.6,228.0,12.7,400.0,412.7,200.0,20000.0,20200.0,0.0204,8e-05,0.02048
AMD A6-3420M,AMD,35.0,4.0,1.5,228.0,12.7,300.0,312.7,200.0,10000.0,10200.0,0.0204,6e-05,0.020460000000000002
AMD A6-3430MX,AMD,45.0,4.0,1.7,228.0,12.7,400.0,412.7,200.0,20000.0,20200.0,0.0204,8e-05,0.02048
AMD A6-3500,AMD,65.0,3.0,2.1,228.0,14.48,600.0,614.48,227.8,20000.0,20227.8,0.0204,0.00011,0.02051
AMD A6-3600,AMD,65.0,4.0,2.1,228.0,12.7,600.0,612.7,200.0,20000.0,20200.0,0.0204,0.00011,0.02051
AMD A6-3620,AMD,65.0,4.0,2.2,228.0,12.7,600.0,612.7,200.0,20000.0,20200.0,0.0204,0.00011,0.02051
AMD A6-3650,AMD,100.0,4.0,2.6,228.0,12.7,1000.0,1012.7,200.0,30000.0,30200.0,0.0204,0.00017,0.02057
AMD A6-3670K,AMD,100.0,4.0,2.7,228.0,12.7,1000.0,1012.7,200.0,30000.0,30200.0,0.0204,0.00017,0.02057
AMD A6-4400M,AMD,35.0,2.0,2.7,246.0,17.0,300.0,317.0,260.0,10000.0,10260.0,0.0204,6e-05,0.020460000000000002
AMD A6-4455M,AMD,17.0,2.0,2.1,246.0,17.0,170.0,187.0,260.0,10000.0,10260.0,0.0204,3e-05,0.02043
AMD A6-5200,AMD,25.0,4.0,2.0,107.0,12.7,250.0,262.7,200.0,10000.0,10200.0,0.0204,4e-05,0.02044
AMD A6-5345M,AMD,17.0,2.0,2.2,246.0,17.0,170.0,187.0,260.0,10000.0,10260.0,0.0204,3e-05,0.02043
AMD A6-5350M,AMD,35.0,2.0,2.9,246.0,17.0,300.0,317.0,260.0,10000.0,10260.0,0.0204,6e-05,0.020460000000000002
AMD A6-5357M,AMD,35.0,2.0,2.9,246.0,17.0,300.0,317.0,260.0,10000.0,10260.0,0.0204,6e-05,0.020460000000000002
AMD A6-5400B,AMD,65.0,2.0,3.6,246.0,17.0,600.0,617.0,260.0,20000.0,20260.0,0.0204,0.00011,0.02051
AMD A6-5400K,AMD,65.0,2.0,3.6,246.0,17.0,600.0,617.0,260.0,20000.0,20260.0,0.0204,0.00011,0.02051
AMD A6-6400B,AMD,65.0,2.0,3.9,246.0,17.0,600.0,617.0,260.0,20000.0,20260.0,0.0204,0.00011,0.02051
AMD A6-6400K,AMD,65.0,2.0,3.9,246.0,17.0,600.0,617.0,260.0,20000.0,20260.0,0.0204,0.00011,0.02051
AMD A6-6420K,AMD,65.0,2.0,4.0,246.0,17.0,600.0,617.0,260.0,20000.0,20260.0,0.0204,0.00011,0.02051
AMD A6-7400K,AMD,65.0,2.0,3.5,245.0,17.0,600.0,617.0,260.0,20000.0,20260.0,0.0204,0.00011,0.02051
AMD A6-7470K,AMD,65.0,2.0,3.7,245.0,17.0,600.0,617.0,260.0,20000.0,20260.0,0.0204,0.00011,0.02051
AMD A6-7480,AMD,45.0,2.0,3.5,250.0,17.0,400.0,417.0,260.0,20000.0,20260.0,0.0204,8e-05,0.02048
AMD A6-9120C SoC,AMD,6.0,2.0,1.6,124.0,17.0,60.0,77.0,260.0,2000.0,2260.0,0.0204,1e-05,0.02041
AMD A6-9220C SoC,AMD,6.0,2.0,1.8,124.0,17.0,60.0,77.0,260.0,2000.0,2260.0,0.0204,1e-05,0.02041
AMD A6-9400,AMD,65.0,2.0,3.4,250.0,17.0,600.0,617.0,260.0,20000.0,20260.0,0.0204,0.00011,0.02051
AMD A6-9500,AMD,65.0,2.0,3.5,250.0,17.0,600.0,617.0,260.0,20000.0,20260.0,0.0204,0.00011,0.02051
AMD A6-9500E,AMD,35.0,2.0,3.0,250.0,17.0,300.0,317.0,260.0,10000.0,10260.0,0.0204,6e-05,0.020460000000000002
AMD A6-9550,AMD,65.0,2.0,3.8,250.0,17.0,600.0,617.0,260.0,20000.0,20260.0,0.0204,0.00011,0.02051
AMD A8 PRO-7600B,AMD,65.0,4.0,3.1,245.0,12.7,600.0,612.7,200.0,20000.0,20200.0,0.0204,0.00011,0.02051
AMD A8-3500M,AMD,35.0,4.0,1.5,228.0,12.7,300.0,312.7,200.0,10000.0,10200.0,0.0204,6e-05,0.020460000000000002
AMD A8-3510MX,AMD,45.0,4.0,1.8,228.0,12.7,400.0,412.7,200.0,20000.0,20200.0,0.0204,8e-05,0.02048
AMD A8-3520M,AMD,35.0,4.0,1.6,228.0,12.7,300.0,312.7,200.0,10000.0,10200.0,0.0204,6e-05,0.020460000000000002
AMD A8-3530MX,AMD,45.0,4.0,1.9,228.0,12.7,400.0,412.7,200.0,20000.0,20200.0,0.0204,8e-05,0.02048
AMD A8-3550MX,AMD,45.0,4.0,2.0,228.0,12.7,400.0,412.7,200.0,20000.0,20200.0,0.0204,8e-05,0.02048
AMD A8-3800,AMD,65.0,4.0,2.4,228.0,12.7,600.0,612.7,200.0,20000.0,20200.0,0.0204,0.00011,0.02051
AMD A8-3820,AMD,65.0,4.0,2.5,228.0,12.7,600.0,612.7,200.0,20000.0,20200.0,0.0204,0.00011,0.02051
AMD A8-3850,AMD,100.0,4.0,2.9,228.0,12.7,1000.0,1012.7,200.0,30000.0,30200.0,0.0204,0.00017,0.02057
AMD A8-3870K,AMD,100.0,4.0,3.0,228.0,12.7,1000.0,1012.7,200.0,30000.0,30200.0,0.0204,0.00017,0.02057
AMD A8-4500M,AMD,35.0,4.0,1.9,246.0,12.7,300.0,312.7,200.0,10000.0,10200.0,0.0204,6e-05,0.020460000000000002
AMD A8-4555M,AMD,19.0,4.0,1.6,246.0,12.7,190.0,202.7,200.0,10000.0,10200.0,0.0204,3e-05,0.02043
AMD A8-5500,AMD,65.0,4.0,3.2,246.0,12.7,600.0,612.7,200.0,20000.0,20200.0,0.0204,0.00011,0.02051
AMD A8-5500B,AMD,65.0,4.0,3.2,246.0,12.7,600.0,612.7,200.0,20000.0,20200.0,0.0204,0.00011,0.02051
AMD A8-5545M,AMD,25.0,4.0,1.7,246.0,12.7,250.0,262.7,200.0,10000.0,10200.0,0.0204,4e-05,0.02044
AMD A8-5550M,AMD,35.0,4.0,2.1,246.0,12.7,300.0,312.7,200.0,10000.0,10200.0,0.0204,6e-05,0.020460000000000002
AMD A8-5557M,AMD,35.0,4.0,2.1,246.0,12.7,300.0,312.7,200.0,10000.0,10200.0,0.0204,6e-05,0.020460000000000002
AMD A8-5600K,AMD,100.0,4.0,3.6,246.0,12.7,1000.0,1012.7,200.0,30000.0,30200.0,0.0204,0.00017,0.02057
AMD A8-6500,AMD,65.0,4.0,3.5,246.0,12.7,600.0,612.7,200.0,20000.0,20200.0,0.0204,0.00011,0.02051
AMD A8-6500B,AMD,65.0,4.0,3.5,246.0,12.7,600.0,612.7,200.0,20000.0,20200.0,0.0204,0.00011,0.02051
AMD A8-6500T,AMD,45.0,4.0,2.1,246.0,12.7,400.0,412.7,200.0,20000.0,20200.0,0.0204,8e-05,0.02048
AMD A8-6600K,AMD,100.0,4.0,3.9,246.0,12.7,1000.0,1012.7,200.0,30000.0,30200.0,0.0204,0.00017,0.02057
AMD A8-7600,AMD,65.0,4.0,3.1,245.0,12.7,600.0,612.7,200.0,20000.0,20200.0,0.0204,0.00011,0.02051
AMD A8-7650K,AMD,95.0,4.0,3.3,245.0,12.7,900.0,912.7,200.0,30000.0,30200.0,0.0204,0.00016,0.020560000000000002
AMD A8-7670K,AMD,95.0,4.0,3.6,245.0,12.7,900.0,912.7,200.0,30000.0,30200.0,0.0204,0.00016,0.020560000000000002
AMD A8-7680,AMD,45.0,4.0,3.5,250.0,12.7,400.0,412.7,200.0,20000.0,20200.0,0.0204,8e-05,0.02048
AMD A8-9600,AMD,65.0,4.0,3.1,250.0,12.7,600.0,612.7,200.0,20000.0,20200.0,0.0204,0.00011,0.02051
AMD A9-9400 SoC,AMD,10.0,2.0,2.4,124.0,17.0,100.0,117.0,260.0,3000.0,3260.0,0.0204,1.7e-05,0.020417
AMD A9-9410 SoC,AMD,25.0,2.0,2.9,124.0,17.0,250.0,267.0,260.0,10000.0,10260.0,0.0204,4e-05,0.02044
AMD A9-9420 SoC,AMD,15.0,2.0,3.0,124.0,17.0,150.0,167.0,260.0,10000.0,10260.0,0.0204,2.5e-05,0.020425000000000002
AMD A9-9425 SoC,AMD,15.0,2.0,3.1,124.0,17.0,150.0,167.0,260.0,10000.0,10260.0,0.0204,2.5e-05,0.020425000000000002
AMD Athlon 1000,AMD,54.0,1.0,1.0,120.0,13.71,500.0,513.71,217.5,20000.0,20217.5,0.0204,9e-05,0.02049
AMD Athlon 1100,AMD,60.0,1.0,1.1,120.0,13.71,600.0,613.71,217.5,20000.0,20217.5,0.0204,0.0001,0.0205
AMD Athlon 1133,AMD,63.0,1.0,1.133,120.0,13.71,600.0,613.71,217.5,20000.0,20217.5,0.0204,0.00011,0.02051
AMD Athlon 1200,AMD,66.0,1.0,1.2,120.0,13.71,700.0,713.71,217.5,20000.0,20217.5,0.0204,0.00011,0.02051
AMD Athlon 1300,AMD,68.0,1.0,1.3,120.0,13.71,700.0,713.71,217.5,20000.0,20217.5,0.0204,0.00011,0.02051
AMD Athlon 1333,AMD,70.0,1.0,1.333,120.0,13.71,700.0,713.71,217.5,20000.0,20217.5,0.0204,0.00012,0.02052
AMD Athlon 1400,AMD,72.0,1.0,1.4,120.0,13.71,700.0,713.71,217.5,20000.0,20217.5,0.0204,0.00012,0.02052
AMD Athlon 200GE,AMD,35.0,2.0,3.2,1672.0,17.0,300.0,317.0,260.0,10000.0,10260.0,0.0204,6e-05,0.020460000000000002
AMD Athlon 220GE,AMD,35.0,2.0,3.4,1672.0,17.0,300.0,317.0,260.0,10000.0,10260.0,0.0204,6e-05,0.020460000000000002
AMD Athlon 240GE,AMD,35.0,2.0,3.5,1672.0,17.0,300.0,317.0,260.0,10000.0,10260.0,0.0204,6e-05,0.020460000000000002
AMD Athlon 3000G,AMD,35.0,2.0,3.5,148.0,17.0,300.0,317.0,260.0,10000.0,10260.0,0.0204,6e-05,0.020460000000000002
AMD Athlon 5150,AMD,25.0,4.0,1.6,107.0,12.7,250.0,262.7,200.0,10000.0,10200.0,0.0204,4e-05,0.02044
AMD Athlon 5350,AMD,25.0,4.0,2.05,107.0,12.7,250.0,262.7,200.0,10000.0,10200.0,0.0204,4e-05,0.02044
AMD Athlon 5370,AMD,25.0,4.0,2.2,107.0,12.7,250.0,262.7,200.0,10000.0,10200.0,0.0204,4e-05,0.02044
AMD Athlon 600,AMD,38.0,1.0,0.6,120.0,13.71,400.0,413.71,217.5,10000.0,10217.5,0.0204,6e-05,0.020460000000000002
AMD Athlon 64 1500+,AMD,9.0,1.0,1.0,84.0,13.71,90.0,103.71000000000001,217.5,3000.0,3217.5,0.0204,1.5e-05,0.020415000000000003
AMD Athlon 64 2000+,AMD,8.0,1.0,1.0,77.0,13.71,80.0,93.71000000000001,217.5,3000.0,3217.5,0.0204,1.3e-05,0.020413
AMD Athlon 64 2600+,AMD,15.0,1.0,1.6,77.0,13.71,150.0,163.71,217.5,10000.0,10217.5,0.0204,2.5e-05,0.020425000000000002
AMD Athlon 64 2650e,AMD,15.0,1.0,1.6,77.0,13.71,150.0,163.71,217.5,10000.0,10217.5,0.0204,2.5e-05,0.020425000000000002
AMD Athlon 64 2700+,AMD,32.0,1.0,1.6,144.0,13.71,320.0,333.71,217.5,10000.0,10217.5,0.0204,5e-05,0.020450000000000003
AMD Athlon 64 2800+,AMD,89.0,1.0,1.8,193.0,13.71,900.0,913.71,217.5,30000.0,30217.5,0.0204,0.00015,0.020550000000000002
AMD Athlon 64 2850e,AMD,22.0,1.0,1.8,77.0,13.71,220.0,233.71,217.5,10000.0,10217.5,0.0204,4e-05,0.02044
AMD Athlon 64 3000+,AMD,32.0,1.0,1.8,144.0,13.71,320.0,333.71,217.5,10000.0,10217.5,0.0204,5e-05,0.020450000000000003
AMD Athlon 64 3100+,AMD,25.0,1.0,2.0,77.0,13.71,250.0,263.71,217.5,10000.0,10217.5,0.0204,4e-05,0.02044
AMD Athlon 64 3200+,AMD,89.0,1.0,2.0,144.0,13.71,900.0,913.71,217.5,30000.0,30217.5,0.0204,0.00015,0.020550000000000002
AMD Athlon 64 3300+,AMD,89.0,1.0,2.4,144.0,13.71,900.0,913.71,217.5,30000.0,30217.5,0.0204,0.00015,0.020550000000000002
AMD Athlon 64 3400+,AMD,89.0,1.0,2.2,144.0,13.71,900.0,913.71,217.5,30000.0,30217.5,0.0204,0.00015,0.020550000000000002
AMD Athlon 64 3500+,AMD,67.0,1.0,2.2,83.0,13.71,700.0,713.71,217.5,20000.0,20217.5,0.0204,0.00011,0.02051
AMD Athlon 64 3500+ (F3),AMD,59.0,1.0,2.2,103.0,13.71,600.0,613.71,217.5,20000.0,20217.5,0.0204,0.0001,0.0205
AMD Athlon 64 3500+ EE,AMD,35.0,1.0,2.2,183.0,13.71,300.0,313.71,217.5,10000.0,10217.5,0.0204,6e-05,0.020460000000000002
AMD Athlon 64 3600+,AMD,89.0,1.0,2.4,193.0,13.71,900.0,913.71,217.5,30000.0,30217.5,0.0204,0.00015,0.020550000000000002
AMD Athlon 64 3700+,AMD,89.0,1.0,2.4,193.0,13.71,900.0,913.71,217.5,30000.0,30217.5,0.0204,0.00015,0.020550000000000002
AMD Athlon 64 3800+,AMD,62.0,1.0,2.4,183.0,13.71,600.0,613.71,217.5,20000.0,20217.5,0.0204,0.0001,0.0205
AMD Athlon 64 3800+ (F3),AMD,59.0,1.0,2.4,103.0,13.71,600.0,613.71,217.5,20000.0,20217.5,0.0204,0.0001,0.0205
AMD Athlon 64 4000+,AMD,89.0,1.0,2.4,199.0,13.71,900.0,913.71,217.5,30000.0,30217.5,0.0204,0.00015,0.020550000000000002
AMD Athlon 64 4000+ (F3),AMD,59.0,1.0,2.6,103.0,13.71,600.0,613.71,217.5,20000.0,20217.5,0.0204,0.0001,0.0205
AMD Athlon 64 FX-51,AMD,89.0,1.0,2.2,193.0,13.71,900.0,913.71,217.5,30000.0,30217.5,0.0204,0.00015,0.020550000000000002
AMD Athlon 64 FX-53,AMD,89.0,1.0,2.4,193.0,13.71,900.0,913.71,217.5,30000.0,30217.5,0.0204,0.00015,0.020550000000000002
AMD Athlon 64 FX-55,AMD,104.0,1.0,2.6,193.0,13.71,1000.0,1013.71,217.5,40000.0,40217.5,0.0204,0.00018,0.02058
AMD Athlon 64 FX-57,AMD,104.0,1.0,2.8,115.0,13.71,1000.0,1013.71,217.5,40000.0,40217.5,0.0204,0.00018,0.02058
AMD Athlon 64 FX-60,AMD,110.0,2.0,2.6,199.0,17.0,1100.0,1117.0,260.0,40000.0,40260.0,0.0204,0.00019,0.02059
AMD Athlon 64 FX-62,AMD,125.0,2.0,2.8,220.0,17.0,1200.0,1217.0,260.0,40000.0,40260.0,0.0204,0.00021,0.02061
AMD Athlon 64 FX-70,AMD,125.0,2.0,2.6,235.0,17.0,1200.0,1217.0,260.0,40000.0,40260.0,0.0204,0.00021,0.02061
AMD Athlon 64 FX-72,AMD,125.0,2.0,2.8,235.0,17.0,1200.0,1217.0,260.0,40000.0,40260.0,0.0204,0.00021,0.02061
AMD Athlon 64 FX-74,AMD,125.0,2.0,3.0,235.0,17.0,1200.0,1217.0,260.0,40000.0,40260.0,0.0204,0.00021,0.02061
AMD Athlon 64 FX-76,AMD,125.0,2.0,3.2,235.0,17.0,1200.0,1217.0,260.0,40000.0,40260.0,0.0204,0.00021,0.02061
AMD Athlon 64 LE-1600,AMD,45.0,1.0,2.2,230.0,13.71,400.0,413.71,217.5,20000.0,20217.5,0.0204,8e-05,0.02048
AMD Athlon 64 LE-1620,AMD,45.0,1.0,2.4,303.0,13.71,400.0,413.71,217.5,20000.0,20217.5,0.0204,8e-05,0.02048
AMD Athlon 64 LE-1640,AMD,45.0,1.0,2.6,303.0,13.71,400.0,413.71,217.5,20000.0,20217.5,0.0204,8e-05,0.02048
AMD Athlon 64 LE-1640B,AMD,45.0,1.0,2.7,77.0,13.71,400.0,413.71,217.5,20000.0,20217.5,0.0204,8e-05,0.02048
AMD Athlon 64 LE-1660,AMD,45.0,1.0,2.8,77.0,13.71,400.0,413.71,217.5,20000.0,20217.5,0.0204,8e-05,0.02048
AMD Athlon 64 X2 3600+,AMD,65.0,2.0,1.9,126.0,17.0,600.0,617.0,260.0,20000.0,20260.0,0.0204,0.00011,0.02051
AMD Athlon 64 X2 3600+ EE,AMD,65.0,2.0,2.0,220.0,17.0,600.0,617.0,260.0,20000.0,20260.0,0.0204,0.00011,0.02051
AMD Athlon 64 X2 3800+,AMD,89.0,2.0,2.0,156.0,17.0,900.0,917.0,260.0,30000.0,30260.0,0.0204,0.00015,0.020550000000000002
AMD Athlon 64 X2 3800+ EE,AMD,65.0,2.0,2.0,220.0,17.0,600.0,617.0,260.0,20000.0,20260.0,0.0204,0.00011,0.02051
AMD Athlon 64 X2 3800+ EE SFF,AMD,35.0,2.0,2.0,220.0,17.0,300.0,317.0,260.0,10000.0,10260.0,0.0204,6e-05,0.020460000000000002
AMD Athlon 64 X2 4000+,AMD,89.0,2.0,2.0,220.0,17.0,900.0,917.0,260.0,30000.0,30260.0,0.0204,0.00015,0.020550000000000002
AMD Athlon 64 X2 4000+ EE,AMD,65.0,2.0,2.0,220.0,17.0,600.0,617.0,260.0,20000.0,20260.0,0.0204,0.00011,0.02051
AMD Athlon 64 X2 4200+,AMD,89.0,2.0,2.2,220.0,17.0,900.0,917.0,260.0,30000.0,30260.0,0.0204,0.00015,0.020550000000000002
AMD Athlon 64 X2 4200+ EE,AMD,65.0,2.0,2.2,220.0,17.0,600.0,617.0,260.0,20000.0,20260.0,0.0204,0.00011,0.02051
AMD Athlon 64 X2 4400+,AMD,89.0,2.0,2.2,220.0,17.0,900.0,917.0,260.0,30000.0,30260.0,0.0204,0.00015,0.020550000000000002
AMD Athlon 64 X2 4400+ EE,AMD,65.0,2.0,2.2,220.0,17.0,600.0,617.0,260.0,20000.0,20260.0,0.0204,0.00011,0.02051
AMD Athlon 64 X2 4600+,AMD,89.0,2.0,2.4,156.0,17.0,900.0,917.0,260.0,30000.0,30260.0,0.0204,0.00015,0.020550000000000002
AMD Athlon 64 X2 4600+ EE,AMD,65.0,2.0,2.4,220.0,17.0,600.0,617.0,260.0,20000.0,20260.0,0.0204,0.00011,0.02051
AMD Athlon 64 X2 4800+,AMD,110.0,2.0,2.4,199.0,17.0,1100.0,1117.0,260.0,40000.0,40260.0,0.0204,0.00019,0.02059
AMD Athlon 64 X2 4800+ EE,AMD,65.0,2.0,2.4,220.0,17.0,600.0,617.0,260.0,20000.0,20260.0,0.0204,0.00011,0.02051
AMD Athlon 64 X2 5000+,AMD,89.0,2.0,2.6,220.0,17.0,900.0,917.0,260.0,30000.0,30260.0,0.0204,0.00015,0.020550000000000002
AMD Athlon 64 X2 5000+ BE,AMD,65.0,2.0,2.6,126.0,17.0,600.0,617.0,260.0,20000.0,20260.0,0.0204,0.00011,0.02051
AMD Athlon 64 X2 5000+ EE,AMD,65.0,2.0,2.6,220.0,17.0,600.0,617.0,260.0,20000.0,20260.0,0.0204,0.00011,0.02051
AMD Athlon 64 X2 5200+,AMD,89.0,2.0,2.6,220.0,17.0,900.0,917.0,260.0,30000.0,30260.0,0.0204,0.00015,0.020550000000000002
AMD Athlon 64 X2 5200+ EE,AMD,65.0,2.0,2.6,220.0,17.0,600.0,617.0,260.0,20000.0,20260.0,0.0204,0.00011,0.02051
AMD Athlon 64 X2 5400+,AMD,89.0,2.0,2.8,220.0,17.0,900.0,917.0,260.0,30000.0,30260.0,0.0204,0.00015,0.020550000000000002
AMD Athlon 64 X2 5400+ BE,AMD,65.0,2.0,2.8,126.0,17.0,600.0,617.0,260.0,20000.0,20260.0,0.0204,0.00011,0.02051
AMD Athlon 64 X2 5600+,AMD,89.0,2.0,2.8,220.0,17.0,900.0,917.0,260.0,30000.0,30260.0,0.0204,0.00015,0.020550000000000002
AMD Athlon 64 X2 5800+,AMD,89.0,2.0,3.0,126.0,17.0,900.0,917.0,260.0,30000.0,30260.0,0.0204,0.00015,0.020550000000000002
AMD Athlon 64 X2 6000+,AMD,89.0,2.0,3.1,126.0,17.0,900.0,917.0,260.0,30000.0,30260.0,0.0204,0.00015,0.020550000000000002
AMD Athlon 64 X2 6400+ BE,AMD,125.0,2.0,3.2,230.0,17.0,1200.0,1217.0,260.0,40000.0,40260.0,0.0204,0.00021,0.02061
AMD Athlon 650,AMD,38.0,1.0,0.65,120.0,13.71,400.0,413.71,217.5,10000.0,10217.5,0.0204,6e-05,0.020460000000000002
AMD Athlon 700,AMD,40.0,1.0,0.7,120.0,13.71,400.0,413.71,217.5,10000.0,10217.5,0.0204,7e-05,0.020470000000000002
AMD Athlon 750,AMD,43.0,1.0,0.75,120.0,13.71,400.0,413.71,217.5,10000.0,10217.5,0.0204,7e-05,0.020470000000000002
AMD Athlon 800,AMD,45.0,1.0,0.8,120.0,13.71,400.0,413.71,217.5,20000.0,20217.5,0.0204,8e-05,0.02048
AMD Athlon 850,AMD,47.0,1.0,0.85,120.0,13.71,500.0,513.71,217.5,20000.0,20217.5,0.0204,8e-05,0.02048
AMD Athlon 900,AMD,50.0,1.0,0.9,120.0,13.71,500.0,513.71,217.5,20000.0,20217.5,0.0204,8e-05,0.02048
AMD Athlon 950,AMD,52.0,1.0,0.95,120.0,13.71,500.0,513.71,217.5,20000.0,20217.5,0.0204,9e-05,0.02049
AMD Athlon Gold 7220U,AMD,15.0,2.0,2.4,100.0,17.0,150.0,167.0,260.0,10000.0,10260.0,0.0204,2.5e-05,0.020425000000000002
AMD Athlon II X2 210e,AMD,45.0,2.0,2.6,117.0,17.0,400.0,417.0,260.0,20000.0,20260.0,0.0204,8e-05,0.02048
AMD Athlon II X2 215,AMD,65.0,2.0,2.7,117.0,17.0,600.0,617.0,260.0,20000.0,20260.0,0.0204,0.00011,0.02051
AMD Athlon II X2 220,AMD,65.0,2.0,2.8,117.0,17.0,600.0,617.0,260.0,20000.0,20260.0,0.0204,0.00011,0.02051
AMD Athlon II X2 235e,AMD,45.0,2.0,2.7,117.0,17.0,400.0,417.0,260.0,20000.0,20260.0,0.0204,8e-05,0.02048
AMD Athlon II X2 240,AMD,65.0,2.0,2.8,117.0,17.0,600.0,617.0,260.0,20000.0,20260.0,0.0204,0.00011,0.02051
AMD Athlon II X2 240e,AMD,45.0,2.0,2.8,117.0,17.0,400.0,417.0,260.0,20000.0,20260.0,0.0204,8e-05,0.02048
AMD Athlon II X2 245,AMD,65.0,2.0,2.9,117.0,17.0,600.0,617.0,260.0,20000.0,20260.0,0.0204,0.00011,0.02051
AMD Athlon II X2 245e,AMD,45.0,2.0,2.9,117.0,17.0,400.0,417.0,260.0,20000.0,20260.0,0.0204,8e-05,0.02048
AMD Athlon II X2 250,AMD,65.0,2.0,3.0,117.0,17.0,600.0,617.0,260.0,20000.0,20260.0,0.0204,0.00011,0.02051
AMD Athlon II X2 250e,AMD,45.0,2.0,3.0,117.0,17.0,400.0,417.0,260.0,20000.0,20260.0,0.0204,8e-05,0.02048
AMD Athlon II X2 250u,AMD,25.0,2.0,1.6,117.0,17.0,250.0,267.0,260.0,10000.0,10260.0,0.0204,4e-05,0.02044
AMD Athlon II X2 255,AMD,65.0,2.0,3.1,117.0,17.0,600.0,617.0,260.0,20000.0,20260.0,0.0204,0.00011,0.02051
AMD Athlon II X2 260,AMD,65.0,2.0,3.2,117.0,17.0,600.0,617.0,260.0,20000.0,20260.0,0.0204,0.00011,0.02051
AMD Athlon II X2 260u,AMD,25.0,2.0,1.8,117.0,17.0,250.0,267.0,260.0,10000.0,10260.0,0.0204,4e-05,0.02044
AMD Athlon II X2 265,AMD,65.0,2.0,3.3,117.0,17.0,600.0,617.0,260.0,20000.0,20260.0,0.0204,0.00011,0.02051
AMD Athlon II X2 270,AMD,65.0,2.0,3.4,117.0,17.0,600.0,617.0,260.0,20000.0,20260.0,0.0204,0.00011,0.02051
AMD Athlon II X2 270u,AMD,25.0,2.0,2.0,117.0,17.0,250.0,267.0,260.0,10000.0,10260.0,0.0204,4e-05,0.02044
AMD Athlon II X2 280,AMD,65.0,2.0,3.6,117.0,17.0,600.0,617.0,260.0,20000.0,20260.0,0.0204,0.00011,0.02051
AMD Athlon II X3 400e,AMD,45.0,3.0,2.2,169.0,14.48,400.0,414.48,227.8,20000.0,20227.8,0.0204,8e-05,0.02048
AMD Athlon II X3 405e,AMD,45.0,3.0,2.3,169.0,14.48,400.0,414.48,227.8,20000.0,20227.8,0.0204,8e-05,0.02048
AMD Athlon II X3 415e,AMD,45.0,3.0,2.5,169.0,14.48,400.0,414.48,227.8,20000.0,20227.8,0.0204,8e-05,0.02048
AMD Athlon II X3 420e,AMD,45.0,3.0,2.6,169.0,14.48,400.0,414.48,227.8,20000.0,20227.8,0.0204,8e-05,0.02048
AMD Athlon II X3 425,AMD,95.0,3.0,2.7,169.0,14.48,900.0,914.48,227.8,30000.0,30227.8,0.0204,0.00016,0.020560000000000002
AMD Athlon II X3 425e,AMD,45.0,3.0,2.7,169.0,14.48,400.0,414.48,227.8,20000.0,20227.8,0.0204,8e-05,0.02048
AMD Athlon II X3 435,AMD,95.0,3.0,2.9,169.0,14.48,900.0,914.48,227.8,30000.0,30227.8,0.0204,0.00016,0.020560000000000002
AMD Athlon II X3 440,AMD,95.0,3.0,3.0,169.0,14.48,900.0,914.48,227.8,30000.0,30227.8,0.0204,0.00016,0.020560000000000002
AMD Athlon II X3 445,AMD,95.0,3.0,3.1,169.0,14.48,900.0,914.48,227.8,30000.0,30227.8,0.0204,0.00016,0.020560000000000002
AMD Athlon II X3 450,AMD,95.0,3.0,3.2,169.0,14.48,900.0,914.48,227.8,30000.0,30227.8,0.0204,0.00016,0.020560000000000002
AMD Athlon II X3 455,AMD,95.0,3.0,3.3,169.0,14.48,900.0,914.48,227.8,30000.0,30227.8,0.0204,0.00016,0.020560000000000002
AMD Athlon II X3 460,AMD,95.0,3.0,3.4,169.0,14.48,900.0,914.48,227.8,30000.0,30227.8,0.0204,0.00016,0.020560000000000002
AMD Athlon II X4 600e,AMD,45.0,4.0,2.2,169.0,12.7,400.0,412.7,200.0,20000.0,20200.0,0.0204,8e-05,0.02048
AMD Athlon II X4 605e,AMD,45.0,4.0,2.3,169.0,12.7,400.0,412.7,200.0,20000.0,20200.0,0.0204,8e-05,0.02048
AMD Athlon II X4 610e,AMD,45.0,4.0,2.4,169.0,12.7,400.0,412.7,200.0,20000.0,20200.0,0.0204,8e-05,0.02048
AMD Athlon II X4 615e,AMD,45.0,4.0,2.5,169.0,12.7,400.0,412.7,200.0,20000.0,20200.0,0.0204,8e-05,0.02048
AMD Athlon II X4 620,AMD,95.0,4.0,2.6,169.0,12.7,900.0,912.7,200.0,30000.0,30200.0,0.0204,0.00016,0.020560000000000002
AMD Athlon II X4 620e,AMD,45.0,4.0,2.6,169.0,12.7,400.0,412.7,200.0,20000.0,20200.0,0.0204,8e-05,0.02048
AMD Athlon II X4 630,AMD,95.0,4.0,2.8,169.0,12.7,900.0,912.7,200.0,30000.0,30200.0,0.0204,0.00016,0.020560000000000002
AMD Athlon II X4 631,AMD,100.0,4.0,2.6,228.0,12.7,1000.0,1012.7,200.0,30000.0,30200.0,0.0204,0.00017,0.02057
AMD Athlon II X4 635,AMD,95.0,4.0,2.9,169.0,12.7,900.0,912.7,200.0,30000.0,30200.0,0.0204,0.00016,0.020560000000000002
AMD Athlon II X4 638,AMD,65.0,4.0,2.7,228.0,12.7,600.0,612.7,200.0,20000.0,20200.0,0.0204,0.00011,0.02051
AMD Athlon II X4 640,AMD,95.0,4.0,3.0,169.0,12.7,900.0,912.7,200.0,30000.0,30200.0,0.0204,0.00016,0.020560000000000002
AMD Athlon II X4 641,AMD,100.0,4.0,2.8,228.0,12.7,1000.0,1012.7,200.0,30000.0,30200.0,0.0204,0.00017,0.02057
AMD Athlon II X4 645,AMD,95.0,4.0,3.1,169.0,12.7,900.0,912.7,200.0,30000.0,30200.0,0.0204,0.00016,0.020560000000000002
AMD Athlon II X4 651,AMD,100.0,4.0,3.0,228.0,12.7,1000.0,1012.7,200.0,30000.0,30200.0,0.0204,0.00017,0.02057
AMD Athlon II X4 651K,AMD,100.0,4.0,3.0,228.0,12.7,1000.0,1012.7,200.0,30000.0,30200.0,0.0204,0.00017,0.02057
AMD Athlon PRO 200GE,AMD,35.0,2.0,3.2,192.0,17.0,300.0,317.0,260.0,10000.0,10260.0,0.0204,6e-05,0.020460000000000002
AMD Athlon Silver 7120U,AMD,15.0,2.0,2.4,100.0,17.0,150.0,167.0,260.0,10000.0,10260.0,0.0204,2.5e-05,0.020425000000000002
AMD Athlon X2 340,AMD,65.0,2.0,3.2,246.0,17.0,600.0,617.0,260.0,20000.0,20260.0,0.0204,0.00011,0.02051
AMD Athlon X2 4050e,AMD,45.0,2.0,2.1,126.0,17.0,400.0,417.0,260.0,20000.0,20260.0,0.0204,8e-05,0.02048
AMD Athlon X2 4450e,AMD,45.0,2.0,2.3,126.0,17.0,400.0,417.0,260.0,20000.0,20260.0,0.0204,8e-05,0.02048
AMD Athlon X2 450,AMD,65.0,2.0,3.5,245.0,17.0,600.0,617.0,260.0,20000.0,20260.0,0.0204,0.00011,0.02051
AMD Athlon X2 4850e,AMD,45.0,2.0,2.5,126.0,17.0,400.0,417.0,260.0,20000.0,20260.0,0.0204,8e-05,0.02048
AMD Athlon X2 5050e,AMD,45.0,2.0,2.6,126.0,17.0,400.0,417.0,260.0,20000.0,20260.0,0.0204,8e-05,0.02048
AMD Athlon X2 6500 BE,AMD,95.0,2.0,2.3,285.0,17.0,900.0,917.0,260.0,30000.0,30260.0,0.0204,0.00016,0.020560000000000002
AMD Athlon X2 7450,AMD,95.0,2.0,2.4,285.0,17.0,900.0,917.0,260.0,30000.0,30260.0,0.0204,0.00016,0.020560000000000002
AMD Athlon X2 7550,AMD,95.0,2.0,2.5,285.0,17.0,900.0,917.0,260.0,30000.0,30260.0,0.0204,0.00016,0.020560000000000002
AMD Athlon X2 7750 BE,AMD,95.0,2.0,2.7,285.0,17.0,900.0,917.0,260.0,30000.0,30260.0,0.0204,0.00016,0.020560000000000002
AMD Athlon X2 7850 BE,AMD,95.0,2.0,2.8,285.0,17.0,900.0,917.0,260.0,30000.0,30260.0,0.0204,0.00016,0.020560000000000002
AMD Athlon X2 BE-2300,AMD,45.0,2.0,1.9,126.0,17.0,400.0,417.0,260.0,20000.0,20260.0,0.0204,8e-05,0.02048
AMD Athlon X2 BE-2350,AMD,45.0,2.0,2.1,126.0,17.0,400.0,417.0,260.0,20000.0,20260.0,0.0204,8e-05,0.02048
AMD Athlon X2 BE-2400,AMD,45.0,2.0,2.3,126.0,17.0,400.0,417.0,260.0,20000.0,20260.0,0.0204,8e-05,0.02048
AMD Athlon X4 730,AMD,65.0,4.0,2.8,246.0,12.7,600.0,612.7,200.0,20000.0,20200.0,0.0204,0.00011,0.02051
AMD Athlon X4 740,AMD,65.0,4.0,3.2,246.0,12.7,600.0,612.7,200.0,20000.0,20200.0,0.0204,0.00011,0.02051
AMD Athlon X4 750,AMD,65.0,4.0,3.4,246.0,12.7,600.0,612.7,200.0,20000.0,20200.0,0.0204,0.00011,0.02051
AMD Athlon X4 750K,AMD,100.0,4.0,3.4,246.0,12.7,1000.0,1012.7,200.0,30000.0,30200.0,0.0204,0.00017,0.02057
AMD Athlon X4 760K,AMD,100.0,4.0,3.8,246.0,12.7,1000.0,1012.7,200.0,30000.0,30200.0,0.0204,0.00017,0.02057
AMD Athlon X4 830,AMD,65.0,4.0,3.0,245.0,12.7,600.0,612.7,200.0,20000.0,20200.0,0.0204,0.00011,0.02051
AMD Athlon X4 840,AMD,65.0,4.0,3.1,245.0,12.7,600.0,612.7,200.0,20000.0,20200.0,0.0204,0.00011,0.02051
AMD Athlon X4 845,AMD,65.0,4.0,3.5,250.0,12.7,600.0,612.7,200.0,20000.0,20200.0,0.0204,0.00011,0.02051
AMD Athlon X4 850,AMD,65.0,4.0,3.2,245.0,12.7,600.0,612.7,200.0,20000.0,20200.0,0.0204,0.00011,0.02051
AMD Athlon X4 860K,AMD,95.0,4.0,3.7,245.0,12.7,900.0,912.7,200.0,30000.0,30200.0,0.0204,0.00016,0.020560000000000002
AMD Athlon X4 870K,AMD,95.0,4.0,3.9,245.0,12.7,900.0,912.7,200.0,30000.0,30200.0,0.0204,0.00016,0.020560000000000002
AMD Athlon X4 880K,AMD,95.0,4.0,4.0,245.0,12.7,900.0,912.7,200.0,30000.0,30200.0,0.0204,0.00016,0.020560000000000002
AMD Athlon X4 940,AMD,65.0,4.0,3.2,250.0,12.7,600.0,612.7,200.0,20000.0,20200.0,0.0204,0.00011,0.02051
AMD Athlon X4 950,AMD,65.0,4.0,3.5,250.0,12.7,600.0,612.7,200.0,20000.0,20200.0,0.0204,0.00011,0.02051
AMD Athlon X4 970,AMD,65.0,4.0,3.8,250.0,12.7,600.0,612.7,200.0,20000.0,20200.0,0.0204,0.00011,0.02051
AMD Athlon XP 1500+,AMD,60.0,1.0,1.333,150.0,13.71,600.0,613.71,217.5,20000.0,20217.5,0.0204,0.0001,0.0205
AMD Athlon XP 1600+,AMD,63.0,1.0,1.4,150.0,13.71,600.0,613.71,217.5,20000.0,20217.5,0.0204,0.00011,0.02051
AMD Athlon XP 1700+,AMD,50.0,1.0,1.467,80.0,13.71,500.0,513.71,217.5,20000.0,20217.5,0.0204,8e-05,0.02048
AMD Athlon XP 1800+,AMD,51.0,1.0,1.533,80.0,13.71,500.0,513.71,217.5,20000.0,20217.5,0.0204,9e-05,0.02049
AMD Athlon XP 1900+,AMD,68.0,1.0,1.6,150.0,13.71,700.0,713.71,217.5,20000.0,20217.5,0.0204,0.00011,0.02051
AMD Athlon XP 2000+,AMD,60.0,1.0,1.667,80.0,13.71,600.0,613.71,217.5,20000.0,20217.5,0.0204,0.0001,0.0205
AMD Athlon XP 2100+,AMD,72.0,1.0,1.733,150.0,13.71,700.0,713.71,217.5,20000.0,20217.5,0.0204,0.00012,0.02052
AMD Athlon XP 2200+,AMD,63.0,1.0,1.8,80.0,13.71,600.0,613.71,217.5,20000.0,20217.5,0.0204,0.00011,0.02051
AMD Athlon XP 2400+,AMD,68.0,1.0,2.0,80.0,13.71,700.0,713.71,217.5,20000.0,20217.5,0.0204,0.00011,0.02051
AMD Athlon XP 2500+,AMD,68.0,1.0,1.833,101.0,13.71,700.0,713.71,217.5,20000.0,20217.5,0.0204,0.00011,0.02051
AMD Athlon XP 2500+ DTR,AMD,55.0,1.0,1.833,101.0,13.71,500.0,513.71,217.5,20000.0,20217.5,0.0204,9e-05,0.02049
AMD Athlon XP 2600+,AMD,68.0,1.0,2.133,80.0,13.71,700.0,713.71,217.5,20000.0,20217.5,0.0204,0.00011,0.02051
AMD Athlon XP 2600+ DTR,AMD,55.0,1.0,1.917,101.0,13.71,500.0,513.71,217.5,20000.0,20217.5,0.0204,9e-05,0.02049
AMD Athlon XP 2700+,AMD,68.0,1.0,2.167,80.0,13.71,700.0,713.71,217.5,20000.0,20217.5,0.0204,0.00011,0.02051
AMD Athlon XP 2800+,AMD,68.0,1.0,2.083,101.0,13.71,700.0,713.71,217.5,20000.0,20217.5,0.0204,0.00011,0.02051
AMD Athlon XP 2800+ DTR,AMD,55.0,1.0,2.083,101.0,13.71,500.0,513.71,217.5,20000.0,20217.5,0.0204,9e-05,0.02049
AMD Athlon XP 3000+ (333FSB),AMD,68.0,1.0,2.167,101.0,13.71,700.0,713.71,217.5,20000.0,20217.5,0.0204,0.00011,0.02051
AMD Athlon XP 3000+ (400FSB),AMD,68.0,1.0,2.1,101.0,13.71,700.0,713.71,217.5,20000.0,20217.5,0.0204,0.00011,0.02051
AMD Athlon XP 3200+ (333FSB),AMD,79.0,1.0,2.333,101.0,13.71,800.0,813.71,217.5,30000.0,30217.5,0.0204,0.00013,0.020530000000000003
AMD Athlon XP 3200+ (400FSB),AMD,77.0,1.0,2.2,101.0,13.71,800.0,813.71,217.5,30000.0,30217.5,0.0204,0.00013,0.020530000000000003
AMD Athlon XP-M 1800+ (25W),AMD,25.0,1.0,1.4,101.0,13.71,250.0,263.71,217.5,10000.0,10217.5,0.0204,4e-05,0.02044
AMD Athlon XP-M 2000+ (25W),AMD,25.0,1.0,1.533,101.0,13.71,250.0,263.71,217.5,10000.0,10217.5,0.0204,4e-05,0.02044
AMD Athlon XP-M 2000+ (35W),AMD,35.0,1.0,1.533,101.0,13.71,300.0,313.71,217.5,10000.0,10217.5,0.0204,6e-05,0.020460000000000002
AMD Athlon XP-M 2200+,AMD,27.0,1.0,1.667,101.0,13.71,270.0,283.71,217.5,10000.0,10217.5,0.0204,5e-05,0.020450000000000003
AMD Athlon XP-M 2400+,AMD,45.0,1.0,1.8,101.0,13.71,400.0,413.71,217.5,20000.0,20217.5,0.0204,8e-05,0.02048
AMD Athlon XP-M 2400+ (35W),AMD,35.0,1.0,1.8,101.0,13.71,300.0,313.71,217.5,10000.0,10217.5,0.0204,6e-05,0.020460000000000002
AMD Athlon XP-M 2400+ (72W),AMD,72.0,1.0,1.8,101.0,13.71,700.0,713.71,217.5,20000.0,20217.5,0.0204,0.00012,0.02052
AMD Athlon XP-M 2500+,AMD,45.0,1.0,1.862,101.0,13.71,400.0,413.71,217.5,20000.0,20217.5,0.0204,8e-05,0.02048
AMD Athlon XP-M 2500+ (35W),AMD,35.0,1.0,1.867,101.0,13.71,300.0,313.71,217.5,10000.0,10217.5,0.0204,6e-05,0.020460000000000002
AMD Athlon XP-M 2500+ (72W),AMD,72.0,1.0,1.867,101.0,13.71,700.0,713.71,217.5,20000.0,20217.5,0.0204,0.00012,0.02052
AMD Athlon XP-M 2600+,AMD,45.0,1.0,2.0,101.0,13.71,400.0,413.71,217.5,20000.0,20217.5,0.0204,8e-05,0.02048
AMD Athlon XP-M 2600+ (72W),AMD,72.0,1.0,2.0,101.0,13.71,700.0,713.71,217.5,20000.0,20217.5,0.0204,0.00012,0.02052
AMD Athlon XP-M 2800+,AMD,55.0,1.0,2.133,101.0,13.71,500.0,513.71,217.5,20000.0,20217.5,0.0204,9e-05,0.02049
AMD Athlon XP-M 2800+ (72W),AMD,72.0,1.0,2.133,101.0,13.71,700.0,713.71,217.5,20000.0,20217.5,0.0204,0.00012,0.02052
AMD Athlon XP-M 3000+,AMD,72.0,1.0,2.2,101.0,13.71,700.0,713.71,217.5,20000.0,20217.5,0.0204,0.00012,0.02052
AMD C-30,AMD,9.0,1.0,1.2,75.0,13.71,90.0,103.71000000000001,217.5,3000.0,3217.5,0.0204,1.5e-05,0.020415000000000003
AMD C-50,AMD,9.0,2.0,1.0,75.0,17.0,90.0,107.0,260.0,3000.0,3260.0,0.0204,1.5e-05,0.020415000000000003
AMD C-60,AMD,9.0,2.0,1.0,75.0,17.0,90.0,107.0,260.0,3000.0,3260.0,0.0204,1.5e-05,0.020415000000000003
AMD C-70,AMD,9.0,2.0,1.0,75.0,17.0,90.0,107.0,260.0,3000.0,3260.0,0.0204,1.5e-05,0.020415000000000003
AMD E-240,AMD,18.0,1.0,1.5,75.0,13.71,180.0,193.71,217.5,10000.0,10217.5,0.0204,3e-05,0.02043
AMD E-300,AMD,18.0,2.0,1.3,75.0,17.0,180.0,197.0,260.0,10000.0,10260.0,0.0204,3e-05,0.02043
AMD E-350,AMD,18.0,2.0,1.6,75.0,17.0,180.0,197.0,260.0,10000.0,10260.0,0.0204,3e-05,0.02043
AMD E-450,AMD,18.0,2.0,1.65,75.0,17.0,180.0,197.0,260.0,10000.0,10260.0,0.0204,3e-05,0.02043
AMD E1-1200,AMD,18.0,2.0,1.4,75.0,17.0,180.0,197.0,260.0,10000.0,10260.0,0.0204,3e-05,0.02043
AMD E1-1500,AMD,18.0,2.0,1.48,75.0,17.0,180.0,197.0,260.0,10000.0,10260.0,0.0204,3e-05,0.02043
AMD E1-2100,AMD,9.0,2.0,1.0,107.0,17.0,90.0,107.0,260.0,3000.0,3260.0,0.0204,1.5e-05,0.020415000000000003
AMD E1-2150,AMD,9.0,2.0,1.05,107.0,17.0,90.0,107.0,260.0,3000.0,3260.0,0.0204,1.5e-05,0.020415000000000003
AMD E1-2500,AMD,15.0,2.0,1.4,107.0,17.0,150.0,167.0,260.0,10000.0,10260.0,0.0204,2.5e-05,0.020425000000000002
AMD E2-1800,AMD,18.0,2.0,1.7,75.0,17.0,180.0,197.0,260.0,10000.0,10260.0,0.0204,3e-05,0.02043
AMD E2-2000,AMD,18.0,2.0,1.75,75.0,17.0,180.0,197.0,260.0,10000.0,10260.0,0.0204,3e-05,0.02043
AMD E2-3000,AMD,15.0,2.0,1.65,107.0,17.0,150.0,167.0,260.0,10000.0,10260.0,0.0204,2.5e-05,0.020425000000000002
AMD E2-3000M,AMD,35.0,2.0,1.8,228.0,17.0,300.0,317.0,260.0,10000.0,10260.0,0.0204,6e-05,0.020460000000000002
AMD E2-3200,AMD,65.0,2.0,2.4,228.0,17.0,600.0,617.0,260.0,20000.0,20260.0,0.0204,0.00011,0.02051
AMD E2-3800,AMD,15.0,4.0,1.3,107.0,12.7,150.0,162.7,200.0,10000.0,10200.0,0.0204,2.5e-05,0.020425000000000002
AMD EPYC 7232P,AMD,120.0,8.0,3.1,74.0,16.0,1200.0,1216.0,240.0,40000.0,40240.0,0.0204,0.0002,0.0206
AMD EPYC 7251,AMD,120.0,8.0,2.1,213.0,16.0,1200.0,1216.0,240.0,40000.0,40240.0,0.0204,0.0002,0.0206
AMD EPYC 7252,AMD,120.0,8.0,2.8,74.0,16.0,1200.0,1216.0,240.0,40000.0,40240.0,0.0204,0.0002,0.0206
AMD EPYC 7261,AMD,170.0,8.0,2.5,213.0,16.0,1700.0,1716.0,240.0,100000.0,100240.0,0.0204,0.0003,0.020700000000000003
AMD EPYC 7262,AMD,155.0,8.0,3.1,74.0,16.0,1500.0,1516.0,240.0,100000.0,100240.0,0.0204,0.0003,0.020700000000000003
AMD EPYC 7272,AMD,120.0,12.0,2.6,74.0,17.0,1200.0,1217.0,270.0,40000.0,40270.0,0.0204,0.0002,0.0206
AMD EPYC 7281,AMD,170.0,16.0,2.1,213.0,21.0,1700.0,1721.0,320.0,100000.0,100320.0,0.0204,0.0003,0.020700000000000003
AMD EPYC 7282,AMD,120.0,16.0,2.8,74.0,21.0,1200.0,1221.0,320.0,40000.0,40320.0,0.0204,0.0002,0.0206
AMD EPYC 72F3,AMD,180.0,8.0,3.7,1064.0,16.0,1800.0,1816.0,240.0,100000.0,100240.0,0.0204,0.0003,0.020700000000000003
AMD EPYC 7301,AMD,170.0,16.0,2.2,213.0,21.0,1700.0,1721.0,320.0,100000.0,100320.0,0.0204,0.0003,0.020700000000000003
AMD EPYC 7302,AMD,155.0,16.0,3.0,74.0,21.0,1500.0,1521.0,320.0,100000.0,100320.0,0.0204,0.0003,0.020700000000000003
AMD EPYC 7302P,AMD,155.0,16.0,3.0,74.0,21.0,1500.0,1521.0,320.0,100000.0,100320.0,0.0204,0.0003,0.020700000000000003
AMD EPYC 7313,AMD,155.0,16.0,3.0,740.0,21.0,1500.0,1521.0,320.0,100000.0,100320.0,0.0204,0.0003,0.020700000000000003
AMD EPYC 7313P,AMD,155.0,16.0,3.0,740.0,21.0,1500.0,1521.0,320.0,100000.0,100320.0,0.0204,0.0003,0.020700000000000003
AMD EPYC 7343,AMD,190.0,16.0,3.2,740.0,21.0,1900.0,1921.0,320.0,100000.0,100320.0,0.0204,0.0003,0.020700000000000003
AMD EPYC 7351,AMD,170.0,16.0,2.4,213.0,21.0,1700.0,1721.0,320.0,100000.0,100320.0,0.0204,0.0003,0.020700000000000003
AMD EPYC 7351P,AMD,170.0,16.0,2.4,213.0,21.0,1700.0,1721.0,320.0,100000.0,100320.0,0.0204,0.0003,0.020700000000000003
AMD EPYC 7371,AMD,170.0,16.0,3.1,213.0,21.0,1700.0,1721.0,320.0,100000.0,100320.0,0.0204,0.0003,0.020700000000000003
AMD EPYC 7F32,AMD,180.0,8.0,3.7,74.0,16.0,1800.0,1816.0,240.0,100000.0,100240.0,0.0204,0.0003,0.020700000000000003
AMD EPYC 7F52,AMD,155.0,16.0,3.5,74.0,21.0,1500.0,1521.0,320.0,100000.0,100320.0,0.0204,0.0003,0.020700000000000003
AMD EPYC Embedded 3101,AMD,35.0,4.0,2.1,213.0,12.7,300.0,312.7,200.0,10000.0,10200.0,0.0204,6e-05,0.020460000000000002
AMD EPYC Embedded 3151,AMD,45.0,4.0,2.7,213.0,12.7,400.0,412.7,200.0,20000.0,20200.0,0.0204,8e-05,0.02048
AMD EPYC Embedded 3201,AMD,30.0,8.0,1.5,213.0,16.0,300.0,316.0,240.0,10000.0,10240.0,0.0204,5e-05,0.020450000000000003
AMD EPYC Embedded 3251,AMD,55.0,8.0,2.5,213.0,16.0,500.0,516.0,240.0,20000.0,20240.0,0.0204,9e-05,0.02049
AMD EPYC Embedded 3255,AMD,55.0,8.0,2.5,213.0,16.0,500.0,516.0,240.0,20000.0,20240.0,0.0204,9e-05,0.02049
AMD EPYC Embedded 3351,AMD,80.0,12.0,1.9,426.0,17.0,800.0,817.0,270.0,30000.0,30270.0,0.0204,0.00013,0.020530000000000003
AMD EPYC Embedded 3451,AMD,100.0,16.0,2.15,426.0,21.0,1000.0,1021.0,320.0,30000.0,30320.0,0.0204,0.00017,0.02057
AMD FX-4100,AMD,95.0,4.0,3.6,315.0,12.7,900.0,912.7,200.0,30000.0,30200.0,0.0204,0.00016,0.020560000000000002
AMD FX-4120,AMD,95.0,4.0,3.9,315.0,12.7,900.0,912.7,200.0,30000.0,30200.0,0.0204,0.00016,0.020560000000000002
AMD FX-4130,AMD,125.0,4.0,3.8,315.0,12.7,1200.0,1212.7,200.0,40000.0,40200.0,0.0204,0.00021,0.02061
AMD FX-4150,AMD,95.0,4.0,3.8,315.0,12.7,900.0,912.7,200.0,30000.0,30200.0,0.0204,0.00016,0.020560000000000002
AMD FX-4170,AMD,125.0,4.0,4.2,315.0,12.7,1200.0,1212.7,200.0,40000.0,40200.0,0.0204,0.00021,0.02061
AMD FX-4300,AMD,95.0,4.0,3.8,315.0,12.7,900.0,912.7,200.0,30000.0,30200.0,0.0204,0.00016,0.020560000000000002
AMD FX-4320,AMD,95.0,4.0,4.0,315.0,12.7,900.0,912.7,200.0,30000.0,30200.0,0.0204,0.00016,0.020560000000000002
AMD FX-4350,AMD,125.0,4.0,4.2,315.0,12.7,1200.0,1212.7,200.0,40000.0,40200.0,0.0204,0.00021,0.02061
AMD FX-6100,AMD,95.0,6.0,3.3,315.0,13.0,900.0,913.0,210.0,30000.0,30210.0,0.0204,0.00016,0.020560000000000002
AMD FX-6120,AMD,95.0,6.0,3.6,315.0,13.0,900.0,913.0,210.0,30000.0,30210.0,0.0204,0.00016,0.020560000000000002
AMD FX-6130,AMD,95.0,6.0,3.6,315.0,13.0,900.0,913.0,210.0,30000.0,30210.0,0.0204,0.00016,0.020560000000000002
AMD FX-6200,AMD,125.0,6.0,3.8,315.0,13.0,1200.0,1213.0,210.0,40000.0,40210.0,0.0204,0.00021,0.02061
AMD FX-6300,AMD,95.0,6.0,3.5,315.0,13.0,900.0,913.0,210.0,30000.0,30210.0,0.0204,0.00016,0.020560000000000002
AMD FX-6330,AMD,125.0,6.0,3.6,315.0,13.0,1200.0,1213.0,210.0,40000.0,40210.0,0.0204,0.00021,0.02061
AMD FX-6350,AMD,125.0,6.0,3.9,315.0,13.0,1200.0,1213.0,210.0,40000.0,40210.0,0.0204,0.00021,0.02061
AMD FX-770K,AMD,65.0,4.0,3.5,245.0,12.7,600.0,612.7,200.0,20000.0,20200.0,0.0204,0.00011,0.02051
AMD FX-8100,AMD,95.0,8.0,2.8,315.0,16.0,900.0,916.0,240.0,30000.0,30240.0,0.0204,0.00016,0.020560000000000002
AMD FX-8120,AMD,125.0,8.0,3.1,315.0,16.0,1200.0,1216.0,240.0,40000.0,40240.0,0.0204,0.00021,0.02061
AMD FX-8140,AMD,95.0,8.0,3.2,315.0,16.0,900.0,916.0,240.0,30000.0,30240.0,0.0204,0.00016,0.020560000000000002
AMD FX-8150,AMD,125.0,8.0,3.6,315.0,16.0,1200.0,1216.0,240.0,40000.0,40240.0,0.0204,0.00021,0.02061
AMD FX-8170,AMD,125.0,8.0,3.9,315.0,16.0,1200.0,1216.0,240.0,40000.0,40240.0,0.0204,0.00021,0.02061
AMD FX-8300,AMD,95.0,8.0,3.3,315.0,16.0,900.0,916.0,240.0,30000.0,30240.0,0.0204,0.00016,0.020560000000000002
AMD FX-8320,AMD,125.0,8.0,3.5,315.0,16.0,1200.0,1216.0,240.0,40000.0,40240.0,0.0204,0.00021,0.02061
AMD FX-8320E,AMD,95.0,8.0,3.2,315.0,16.0,900.0,916.0,240.0,30000.0,30240.0,0.0204,0.00016,0.020560000000000002
AMD FX-8350,AMD,125.0,8.0,4.0,315.0,16.0,1200.0,1216.0,240.0,40000.0,40240.0,0.0204,0.00021,0.02061
AMD FX-8370,AMD,125.0,8.0,4.0,315.0,16.0,1200.0,1216.0,240.0,40000.0,40240.0,0.0204,0.00021,0.02061
AMD FX-8370E,AMD,95.0,8.0,3.3,315.0,16.0,900.0,916.0,240.0,30000.0,30240.0,0.0204,0.00016,0.020560000000000002
AMD FirePro A300,AMD,65.0,4.0,3.4,246.0,12.7,600.0,612.7,200.0,20000.0,20200.0,0.0204,0.00011,0.02051
AMD FirePro A320,AMD,100.0,4.0,3.8,246.0,12.7,1000.0,1012.7,200.0,30000.0,30200.0,0.0204,0.00017,0.02057
AMD Mobile Athlon 64 2700+,AMD,82.0,1.0,1.6,193.0,13.71,800.0,813.71,217.5,30000.0,30217.5,0.0204,0.00014,0.020540000000000003
AMD Mobile Athlon 64 2800+,AMD,35.0,1.0,1.8,193.0,13.71,300.0,313.71,217.5,10000.0,10217.5,0.0204,6e-05,0.020460000000000002
AMD Mobile Athlon 64 3000+,AMD,62.0,1.0,1.8,193.0,13.71,600.0,613.71,217.5,20000.0,20217.5,0.0204,0.0001,0.0205
AMD Mobile Athlon 64 3200+,AMD,82.0,1.0,2.0,193.0,13.71,800.0,813.71,217.5,30000.0,30217.5,0.0204,0.00014,0.020540000000000003
AMD Mobile Athlon 64 3400+,AMD,62.0,1.0,2.2,193.0,13.71,600.0,613.71,217.5,20000.0,20217.5,0.0204,0.0001,0.0205
AMD Mobile Athlon 64 3700+,AMD,82.0,1.0,2.4,193.0,13.71,800.0,813.71,217.5,30000.0,30217.5,0.0204,0.00014,0.020540000000000003
AMD Opteron 140,AMD,82.0,1.0,1.4,193.0,13.71,800.0,813.71,217.5,30000.0,30217.5,0.0204,0.00014,0.020540000000000003
AMD Opteron 140 EE,AMD,30.0,1.0,1.4,193.0,13.71,300.0,313.71,217.5,10000.0,10217.5,0.0204,5e-05,0.020450000000000003
AMD Opteron 142,AMD,82.0,1.0,1.6,193.0,13.71,800.0,813.71,217.5,30000.0,30217.5,0.0204,0.00014,0.020540000000000003
AMD Opteron 144,AMD,85.0,1.0,1.8,193.0,13.71,800.0,813.71,217.5,30000.0,30217.5,0.0204,0.00014,0.020540000000000003
AMD Opteron 146 HE,AMD,55.0,1.0,2.0,193.0,13.71,500.0,513.71,217.5,20000.0,20217.5,0.0204,9e-05,0.02049
AMD Opteron 2350 HE,AMD,79.0,4.0,2.0,285.0,12.7,800.0,812.7,200.0,30000.0,30200.0,0.0204,0.00013,0.020530000000000003
AMD Opteron 240,AMD,82.0,1.0,1.4,193.0,13.71,800.0,813.71,217.5,30000.0,30217.5,0.0204,0.00014,0.020540000000000003
AMD Opteron 240 EE,AMD,30.0,1.0,1.4,193.0,13.71,300.0,313.71,217.5,10000.0,10217.5,0.0204,5e-05,0.020450000000000003
AMD Opteron 244,AMD,82.0,1.0,1.8,193.0,13.71,800.0,813.71,217.5,30000.0,30217.5,0.0204,0.00014,0.020540000000000003
AMD Opteron 248,AMD,89.0,1.0,2.2,193.0,13.71,900.0,913.71,217.5,30000.0,30217.5,0.0204,0.00015,0.020550000000000002
AMD Opteron 3320 EE,AMD,25.0,4.0,1.9,315.0,12.7,250.0,262.7,200.0,10000.0,10200.0,0.0204,4e-05,0.02044
AMD Opteron 3350 HE,AMD,45.0,4.0,2.8,315.0,12.7,400.0,412.7,200.0,20000.0,20200.0,0.0204,8e-05,0.02048
AMD Opteron 3380,AMD,65.0,8.0,2.6,315.0,16.0,600.0,616.0,240.0,20000.0,20240.0,0.0204,0.00011,0.02051
AMD Opteron 4310 EE,AMD,35.0,4.0,2.2,315.0,12.7,300.0,312.7,200.0,10000.0,10200.0,0.0204,6e-05,0.020460000000000002
AMD Opteron 4332 HE,AMD,65.0,6.0,3.0,315.0,13.0,600.0,613.0,210.0,20000.0,20210.0,0.0204,0.00011,0.02051
AMD Opteron 4334,AMD,95.0,6.0,3.1,315.0,13.0,900.0,913.0,210.0,30000.0,30210.0,0.0204,0.00016,0.020560000000000002
AMD Opteron 4340,AMD,95.0,6.0,3.5,315.0,13.0,900.0,913.0,210.0,30000.0,30210.0,0.0204,0.00016,0.020560000000000002
AMD Opteron 4376 HE,AMD,65.0,8.0,2.6,315.0,16.0,600.0,616.0,240.0,20000.0,20240.0,0.0204,0.00011,0.02051
AMD Opteron 4386,AMD,95.0,8.0,3.1,315.0,16.0,900.0,916.0,240.0,30000.0,30240.0,0.0204,0.00016,0.020560000000000002
AMD Opteron 43CX EE,AMD,35.0,4.0,2.2,315.0,12.7,300.0,312.7,200.0,10000.0,10200.0,0.0204,6e-05,0.020460000000000002
AMD Opteron 43GK HE,AMD,65.0,8.0,2.6,315.0,16.0,600.0,616.0,240.0,20000.0,20240.0,0.0204,0.00011,0.02051
AMD Opteron 6168,AMD,115.0,12.0,1.9,346.0,17.0,1100.0,1117.0,270.0,40000.0,40270.0,0.0204,0.00019,0.02059
AMD Opteron 6180 SE,AMD,140.0,12.0,2.5,692.0,17.0,1400.0,1417.0,270.0,50000.0,50270.0,0.0204,0.00024,0.020640000000000002
AMD Opteron 6262 HE,AMD,85.0,16.0,1.6,316.0,21.0,800.0,821.0,320.0,30000.0,30320.0,0.0204,0.00014,0.020540000000000003
AMD Opteron 6272,AMD,115.0,16.0,2.1,316.0,21.0,1100.0,1121.0,320.0,40000.0,40320.0,0.0204,0.00019,0.02059
AMD Opteron 6274,AMD,115.0,16.0,2.2,316.0,21.0,1100.0,1121.0,320.0,40000.0,40320.0,0.0204,0.00019,0.02059
AMD Opteron 6276,AMD,115.0,16.0,2.3,316.0,21.0,1100.0,1121.0,320.0,40000.0,40320.0,0.0204,0.00019,0.02059
AMD Opteron 6278,AMD,115.0,16.0,2.4,316.0,21.0,1100.0,1121.0,320.0,40000.0,40320.0,0.0204,0.00019,0.02059
AMD Opteron 6282 SE,AMD,140.0,16.0,2.6,316.0,21.0,1400.0,1421.0,320.0,50000.0,50320.0,0.0204,0.00024,0.020640000000000002
AMD Opteron 6284 SE,AMD,140.0,16.0,2.7,316.0,21.0,1400.0,1421.0,320.0,50000.0,50320.0,0.0204,0.00024,0.020640000000000002
AMD Opteron 6348,AMD,115.0,12.0,2.8,630.0,17.0,1100.0,1117.0,270.0,40000.0,40270.0,0.0204,0.00019,0.02059
AMD Opteron 6366 HE,AMD,85.0,16.0,1.8,315.0,21.0,800.0,821.0,320.0,30000.0,30320.0,0.0204,0.00014,0.020540000000000003
AMD Opteron 6376,AMD,115.0,16.0,2.3,315.0,21.0,1100.0,1121.0,320.0,40000.0,40320.0,0.0204,0.00019,0.02059
AMD Opteron 6378,AMD,115.0,16.0,2.4,315.0,21.0,1100.0,1121.0,320.0,40000.0,40320.0,0.0204,0.00019,0.02059
AMD Opteron 6380,AMD,115.0,16.0,2.5,315.0,21.0,1100.0,1121.0,320.0,40000.0,40320.0,0.0204,0.00019,0.02059
AMD Opteron 6386 SE,AMD,140.0,16.0,2.8,315.0,21.0,1400.0,1421.0,320.0,50000.0,50320.0,0.0204,0.00024,0.020640000000000002
AMD Opteron 840,AMD,85.0,1.0,1.4,193.0,13.71,800.0,813.71,217.5,30000.0,30217.5,0.0204,0.00014,0.020540000000000003
AMD Opteron 840 EE,AMD,30.0,1.0,1.4,193.0,13.71,300.0,313.71,217.5,10000.0,10217.5,0.0204,5e-05,0.020450000000000003
AMD Opteron 844,AMD,82.0,1.0,1.8,193.0,13.71,800.0,813.71,217.5,30000.0,30217.5,0.0204,0.00014,0.020540000000000003
AMD Opteron 846 HE,AMD,55.0,1.0,2.0,193.0,13.71,500.0,513.71,217.5,20000.0,20217.5,0.0204,9e-05,0.02049
AMD Opteron A1120,AMD,25.0,4.0,1.7,182.0,12.7,250.0,262.7,200.0,10000.0,10200.0,0.0204,4e-05,0.02044
AMD Opteron A1150,AMD,32.0,8.0,1.7,182.0,16.0,320.0,336.0,240.0,10000.0,10240.0,0.0204,5e-05,0.020450000000000003
AMD Opteron A1170,AMD,32.0,8.0,2.0,182.0,16.0,320.0,336.0,240.0,10000.0,10240.0,0.0204,5e-05,0.020450000000000003
AMD PRO A10-8750B,AMD,95.0,4.0,3.6,245.0,12.7,900.0,912.7,200.0,30000.0,30200.0,0.0204,0.00016,0.020560000000000002
AMD PRO A10-8770,AMD,65.0,4.0,3.5,250.0,12.7,600.0,612.7,200.0,20000.0,20200.0,0.0204,0.00011,0.02051
AMD PRO A10-8770E,AMD,35.0,4.0,2.8,250.0,12.7,300.0,312.7,200.0,10000.0,10200.0,0.0204,6e-05,0.020460000000000002
AMD PRO A10-8850B,AMD,95.0,4.0,3.9,245.0,12.7,900.0,912.7,200.0,30000.0,30200.0,0.0204,0.00016,0.020560000000000002
AMD PRO A10-9700,AMD,65.0,4.0,3.5,250.0,12.7,600.0,612.7,200.0,20000.0,20200.0,0.0204,0.00011,0.02051
AMD PRO A10-9700E,AMD,35.0,4.0,3.0,250.0,12.7,300.0,312.7,200.0,10000.0,10200.0,0.0204,6e-05,0.020460000000000002
AMD PRO A12-8870,AMD,65.0,4.0,3.7,250.0,12.7,600.0,612.7,200.0,20000.0,20200.0,0.0204,0.00011,0.02051
AMD PRO A12-8870E,AMD,35.0,4.0,2.9,250.0,12.7,300.0,312.7,200.0,10000.0,10200.0,0.0204,6e-05,0.020460000000000002
AMD PRO A12-9800,AMD,65.0,4.0,3.8,250.0,12.7,600.0,612.7,200.0,20000.0,20200.0,0.0204,0.00011,0.02051
AMD PRO A12-9800E,AMD,35.0,4.0,3.1,250.0,12.7,300.0,312.7,200.0,10000.0,10200.0,0.0204,6e-05,0.020460000000000002
AMD PRO A4-8350B,AMD,65.0,2.0,3.5,245.0,17.0,600.0,617.0,260.0,20000.0,20260.0,0.0204,0.00011,0.02051
AMD PRO A6-8550B,AMD,65.0,2.0,3.5,245.0,17.0,600.0,617.0,260.0,20000.0,20260.0,0.0204,0.00011,0.02051
AMD PRO A6-8570,AMD,65.0,2.0,3.5,250.0,17.0,600.0,617.0,260.0,20000.0,20260.0,0.0204,0.00011,0.02051
AMD PRO A6-8570E,AMD,65.0,2.0,3.0,250.0,17.0,600.0,617.0,260.0,20000.0,20260.0,0.0204,0.00011,0.02051
AMD PRO A6-9500,AMD,65.0,2.0,3.5,250.0,17.0,600.0,617.0,260.0,20000.0,20260.0,0.0204,0.00011,0.02051
AMD PRO A6-9500E,AMD,35.0,2.0,3.0,250.0,17.0,300.0,317.0,260.0,10000.0,10260.0,0.0204,6e-05,0.020460000000000002
AMD PRO A8-8650B,AMD,65.0,4.0,3.2,245.0,12.7,600.0,612.7,200.0,20000.0,20200.0,0.0204,0.00011,0.02051
AMD PRO A8-9600,AMD,65.0,4.0,3.1,250.0,12.7,600.0,612.7,200.0,20000.0,20200.0,0.0204,0.00011,0.02051
AMD Phenom II 42 TWKR Black Edition,AMD,125.0,4.0,2.0,258.0,12.7,1200.0,1212.7,200.0,40000.0,40200.0,0.0204,0.00021,0.02061
AMD Phenom II X2 545,AMD,80.0,2.0,3.0,258.0,17.0,800.0,817.0,260.0,30000.0,30260.0,0.0204,0.00013,0.020530000000000003
AMD Phenom II X2 550,AMD,80.0,2.0,3.1,258.0,17.0,800.0,817.0,260.0,30000.0,30260.0,0.0204,0.00013,0.020530000000000003
AMD Phenom II X2 550 BE,AMD,80.0,2.0,3.1,258.0,17.0,800.0,817.0,260.0,30000.0,30260.0,0.0204,0.00013,0.020530000000000003
AMD Phenom II X2 555 BE,AMD,80.0,2.0,3.2,258.0,17.0,800.0,817.0,260.0,30000.0,30260.0,0.0204,0.00013,0.020530000000000003
AMD Phenom II X2 560 BE,AMD,80.0,2.0,3.3,258.0,17.0,800.0,817.0,260.0,30000.0,30260.0,0.0204,0.00013,0.020530000000000003
AMD Phenom II X2 565 BE,AMD,80.0,2.0,3.4,258.0,17.0,800.0,817.0,260.0,30000.0,30260.0,0.0204,0.00013,0.020530000000000003
AMD Phenom II X2 570 BE,AMD,80.0,2.0,3.5,258.0,17.0,800.0,817.0,260.0,30000.0,30260.0,0.0204,0.00013,0.020530000000000003
AMD Phenom II X2 B53,AMD,80.0,2.0,2.8,258.0,17.0,800.0,817.0,260.0,30000.0,30260.0,0.0204,0.00013,0.020530000000000003
AMD Phenom II X2 B55,AMD,80.0,2.0,3.0,258.0,17.0,800.0,817.0,260.0,30000.0,30260.0,0.0204,0.00013,0.020530000000000003
AMD Phenom II X2 B57,AMD,80.0,2.0,3.2,258.0,17.0,800.0,817.0,260.0,30000.0,30260.0,0.0204,0.00013,0.020530000000000003
AMD Phenom II X3 700e,AMD,65.0,3.0,2.4,258.0,14.48,600.0,614.48,227.8,20000.0,20227.8,0.0204,0.00011,0.02051
AMD Phenom II X3 705e,AMD,65.0,3.0,2.5,258.0,14.48,600.0,614.48,227.8,20000.0,20227.8,0.0204,0.00011,0.02051
AMD Phenom II X3 710,AMD,95.0,3.0,2.6,258.0,14.48,900.0,914.48,227.8,30000.0,30227.8,0.0204,0.00016,0.020560000000000002
AMD Phenom II X3 715 BE,AMD,95.0,3.0,2.8,258.0,14.48,900.0,914.48,227.8,30000.0,30227.8,0.0204,0.00016,0.020560000000000002
AMD Phenom II X3 720,AMD,95.0,3.0,2.8,258.0,14.48,900.0,914.48,227.8,30000.0,30227.8,0.0204,0.00016,0.020560000000000002
AMD Phenom II X3 720 BE,AMD,95.0,3.0,2.8,258.0,14.48,900.0,914.48,227.8,30000.0,30227.8,0.0204,0.00016,0.020560000000000002
AMD Phenom II X3 740 BE,AMD,95.0,3.0,3.0,258.0,14.48,900.0,914.48,227.8,30000.0,30227.8,0.0204,0.00016,0.020560000000000002
AMD Phenom II X3 B73,AMD,95.0,3.0,2.8,258.0,14.48,900.0,914.48,227.8,30000.0,30227.8,0.0204,0.00016,0.020560000000000002
AMD Phenom II X3 B75,AMD,95.0,3.0,3.0,258.0,14.48,900.0,914.48,227.8,30000.0,30227.8,0.0204,0.00016,0.020560000000000002
AMD Phenom II X3 B77,AMD,95.0,3.0,3.2,258.0,14.48,900.0,914.48,227.8,30000.0,30227.8,0.0204,0.00016,0.020560000000000002
AMD Phenom II X4 650T,AMD,95.0,4.0,2.7,346.0,12.7,900.0,912.7,200.0,30000.0,30200.0,0.0204,0.00016,0.020560000000000002
AMD Phenom II X4 805,AMD,95.0,4.0,2.5,258.0,12.7,900.0,912.7,200.0,30000.0,30200.0,0.0204,0.00016,0.020560000000000002
AMD Phenom II X4 810,AMD,95.0,4.0,2.6,258.0,12.7,900.0,912.7,200.0,30000.0,30200.0,0.0204,0.00016,0.020560000000000002
AMD Phenom II X4 820,AMD,95.0,4.0,2.8,258.0,12.7,900.0,912.7,200.0,30000.0,30200.0,0.0204,0.00016,0.020560000000000002
AMD Phenom II X4 830,AMD,95.0,4.0,2.8,258.0,12.7,900.0,912.7,200.0,30000.0,30200.0,0.0204,0.00016,0.020560000000000002
AMD Phenom II X4 840,AMD,95.0,4.0,3.2,169.0,12.7,900.0,912.7,200.0,30000.0,30200.0,0.0204,0.00016,0.020560000000000002
AMD Phenom II X4 840T,AMD,95.0,4.0,2.9,346.0,12.7,900.0,912.7,200.0,30000.0,30200.0,0.0204,0.00016,0.020560000000000002
AMD Phenom II X4 850,AMD,95.0,4.0,3.3,169.0,12.7,900.0,912.7,200.0,30000.0,30200.0,0.0204,0.00016,0.020560000000000002
AMD Phenom II X4 900e,AMD,65.0,4.0,2.4,258.0,12.7,600.0,612.7,200.0,20000.0,20200.0,0.0204,0.00011,0.02051
AMD Phenom II X4 905e,AMD,65.0,4.0,2.5,258.0,12.7,600.0,612.7,200.0,20000.0,20200.0,0.0204,0.00011,0.02051
AMD Phenom II X4 910,AMD,95.0,4.0,2.6,258.0,12.7,900.0,912.7,200.0,30000.0,30200.0,0.0204,0.00016,0.020560000000000002
AMD Phenom II X4 910e,AMD,65.0,4.0,2.6,258.0,12.7,600.0,612.7,200.0,20000.0,20200.0,0.0204,0.00011,0.02051
AMD Phenom II X4 920,AMD,125.0,4.0,2.8,258.0,12.7,1200.0,1212.7,200.0,40000.0,40200.0,0.0204,0.00021,0.02061
AMD Phenom II X4 925,AMD,95.0,4.0,2.8,258.0,12.7,900.0,912.7,200.0,30000.0,30200.0,0.0204,0.00016,0.020560000000000002
AMD Phenom II X4 940 BE,AMD,125.0,4.0,3.0,258.0,12.7,1200.0,1212.7,200.0,40000.0,40200.0,0.0204,0.00021,0.02061
AMD Phenom II X4 945 (125W),AMD,125.0,4.0,3.0,258.0,12.7,1200.0,1212.7,200.0,40000.0,40200.0,0.0204,0.00021,0.02061
AMD Phenom II X4 945 (95W),AMD,95.0,4.0,3.0,258.0,12.7,900.0,912.7,200.0,30000.0,30200.0,0.0204,0.00016,0.020560000000000002
AMD Phenom II X4 955 (125W),AMD,125.0,4.0,3.2,258.0,12.7,1200.0,1212.7,200.0,40000.0,40200.0,0.0204,0.00021,0.02061
AMD Phenom II X4 955 (95W),AMD,95.0,4.0,3.2,258.0,12.7,900.0,912.7,200.0,30000.0,30200.0,0.0204,0.00016,0.020560000000000002
AMD Phenom II X4 955 BE,AMD,125.0,4.0,3.2,258.0,12.7,1200.0,1212.7,200.0,40000.0,40200.0,0.0204,0.00021,0.02061
AMD Phenom II X4 960T BE,AMD,95.0,4.0,3.0,346.0,12.7,900.0,912.7,200.0,30000.0,30200.0,0.0204,0.00016,0.020560000000000002
AMD Phenom II X4 965 BE (125W),AMD,125.0,4.0,3.4,258.0,12.7,1200.0,1212.7,200.0,40000.0,40200.0,0.0204,0.00021,0.02061
AMD Phenom II X4 965 BE (140W),AMD,140.0,4.0,3.4,258.0,12.7,1400.0,1412.7,200.0,50000.0,50200.0,0.0204,0.00024,0.020640000000000002
AMD Phenom II X4 970 BE,AMD,125.0,4.0,3.5,346.0,12.7,1200.0,1212.7,200.0,40000.0,40200.0,0.0204,0.00021,0.02061
AMD Phenom II X4 975 BE,AMD,125.0,4.0,3.6,258.0,12.7,1200.0,1212.7,200.0,40000.0,40200.0,0.0204,0.00021,0.02061
AMD Phenom II X4 980 BE,AMD,125.0,4.0,3.7,258.0,12.7,1200.0,1212.7,200.0,40000.0,40200.0,0.0204,0.00021,0.02061
AMD Phenom II X4 B93,AMD,95.0,4.0,2.8,258.0,12.7,900.0,912.7,200.0,30000.0,30200.0,0.0204,0.00016,0.020560000000000002
AMD Phenom II X4 B95,AMD,95.0,4.0,3.0,258.0,12.7,900.0,912.7,200.0,30000.0,30200.0,0.0204,0.00016,0.020560000000000002
AMD Phenom II X4 B97,AMD,95.0,4.0,3.2,258.0,12.7,900.0,912.7,200.0,30000.0,30200.0,0.0204,0.00016,0.020560000000000002
AMD Phenom II X6 1035T,AMD,95.0,6.0,2.6,346.0,13.0,900.0,913.0,210.0,30000.0,30210.0,0.0204,0.00016,0.020560000000000002
AMD Phenom II X6 1045T,AMD,95.0,6.0,2.7,346.0,13.0,900.0,913.0,210.0,30000.0,30210.0,0.0204,0.00016,0.020560000000000002
AMD Phenom II X6 1055T (125W),AMD,125.0,6.0,2.8,346.0,13.0,1200.0,1213.0,210.0,40000.0,40210.0,0.0204,0.00021,0.02061
AMD Phenom II X6 1055T (95W),AMD,95.0,6.0,2.8,346.0,13.0,900.0,913.0,210.0,30000.0,30210.0,0.0204,0.00016,0.020560000000000002
AMD Phenom II X6 1065T,AMD,125.0,6.0,2.9,346.0,13.0,1200.0,1213.0,210.0,40000.0,40210.0,0.0204,0.00021,0.02061
AMD Phenom II X6 1075T,AMD,125.0,6.0,3.0,346.0,13.0,1200.0,1213.0,210.0,40000.0,40210.0,0.0204,0.00021,0.02061
AMD Phenom II X6 1090T BE,AMD,125.0,6.0,3.2,346.0,13.0,1200.0,1213.0,210.0,40000.0,40210.0,0.0204,0.00021,0.02061
AMD Phenom II X6 1100T BE,AMD,125.0,6.0,3.3,346.0,13.0,1200.0,1213.0,210.0,40000.0,40210.0,0.0204,0.00021,0.02061
AMD Phenom X3 8250e,AMD,65.0,3.0,1.9,285.0,14.48,600.0,614.48,227.8,20000.0,20227.8,0.0204,0.00011,0.02051
AMD Phenom X3 8400,AMD,95.0,3.0,2.1,285.0,14.48,900.0,914.48,227.8,30000.0,30227.8,0.0204,0.00016,0.020560000000000002
AMD Phenom X3 8450,AMD,95.0,3.0,2.1,285.0,14.48,900.0,914.48,227.8,30000.0,30227.8,0.0204,0.00016,0.020560000000000002
AMD Phenom X3 8450e,AMD,65.0,3.0,2.1,285.0,14.48,600.0,614.48,227.8,20000.0,20227.8,0.0204,0.00011,0.02051
AMD Phenom X3 8550,AMD,95.0,3.0,2.2,285.0,14.48,900.0,914.48,227.8,30000.0,30227.8,0.0204,0.00016,0.020560000000000002
AMD Phenom X3 8600,AMD,95.0,3.0,2.3,285.0,14.48,900.0,914.48,227.8,30000.0,30227.8,0.0204,0.00016,0.020560000000000002
AMD Phenom X3 8650,AMD,95.0,3.0,2.3,285.0,14.48,900.0,914.48,227.8,30000.0,30227.8,0.0204,0.00016,0.020560000000000002
AMD Phenom X3 8750,AMD,95.0,3.0,2.4,285.0,14.48,900.0,914.48,227.8,30000.0,30227.8,0.0204,0.00016,0.020560000000000002
AMD Phenom X3 8750 BE,AMD,95.0,3.0,2.4,285.0,14.48,900.0,914.48,227.8,30000.0,30227.8,0.0204,0.00016,0.020560000000000002
AMD Phenom X3 8850,AMD,95.0,3.0,2.5,285.0,14.48,900.0,914.48,227.8,30000.0,30227.8,0.0204,0.00016,0.020560000000000002
AMD Phenom X4 9100e,AMD,65.0,4.0,1.8,285.0,12.7,600.0,612.7,200.0,20000.0,20200.0,0.0204,0.00011,0.02051
AMD Phenom X4 9150e,AMD,65.0,4.0,1.8,285.0,12.7,600.0,612.7,200.0,20000.0,20200.0,0.0204,0.00011,0.02051
AMD Phenom X4 9350e,AMD,65.0,4.0,2.0,285.0,12.7,600.0,612.7,200.0,20000.0,20200.0,0.0204,0.00011,0.02051
AMD Phenom X4 9450e,AMD,65.0,4.0,2.1,285.0,12.7,600.0,612.7,200.0,20000.0,20200.0,0.0204,0.00011,0.02051
AMD Phenom X4 9500,AMD,95.0,4.0,2.2,285.0,12.7,900.0,912.7,200.0,30000.0,30200.0,0.0204,0.00016,0.020560000000000002
AMD Phenom X4 9550,AMD,95.0,4.0,2.2,285.0,12.7,900.0,912.7,200.0,30000.0,30200.0,0.0204,0.00016,0.020560000000000002
AMD Phenom X4 9600,AMD,95.0,4.0,2.3,285.0,12.7,900.0,912.7,200.0,30000.0,30200.0,0.0204,0.00016,0.020560000000000002
AMD Phenom X4 9600 BE,AMD,95.0,4.0,2.3,285.0,12.7,900.0,912.7,200.0,30000.0,30200.0,0.0204,0.00016,0.020560000000000002
AMD Phenom X4 9600B,AMD,95.0,4.0,2.3,285.0,12.7,900.0,912.7,200.0,30000.0,30200.0,0.0204,0.00016,0.020560000000000002
AMD Phenom X4 9650,AMD,95.0,4.0,2.3,285.0,12.7,900.0,912.7,200.0,30000.0,30200.0,0.0204,0.00016,0.020560000000000002
AMD Phenom X4 9750 (125W),AMD,125.0,4.0,2.4,285.0,12.7,1200.0,1212.7,200.0,40000.0,40200.0,0.0204,0.00021,0.02061
AMD Phenom X4 9750 (95W),AMD,95.0,4.0,2.4,285.0,12.7,900.0,912.7,200.0,30000.0,30200.0,0.0204,0.00016,0.020560000000000002
AMD Phenom X4 9750B,AMD,95.0,4.0,2.4,285.0,12.7,900.0,912.7,200.0,30000.0,30200.0,0.0204,0.00016,0.020560000000000002
AMD Phenom X4 9850 (125W),AMD,125.0,4.0,2.5,285.0,12.7,1200.0,1212.7,200.0,40000.0,40200.0,0.0204,0.00021,0.02061
AMD Phenom X4 9850 (95W),AMD,95.0,4.0,2.5,285.0,12.7,900.0,912.7,200.0,30000.0,30200.0,0.0204,0.00016,0.020560000000000002
AMD Phenom X4 9850 BE,AMD,125.0,4.0,2.5,285.0,12.7,1200.0,1212.7,200.0,40000.0,40200.0,0.0204,0.00021,0.02061
AMD Phenom X4 9850B,AMD,95.0,4.0,2.5,285.0,12.7,900.0,912.7,200.0,30000.0,30200.0,0.0204,0.00016,0.020560000000000002
AMD Phenom X4 9950 BE (125W),AMD,125.0,4.0,2.6,285.0,12.7,1200.0,1212.7,200.0,40000.0,40200.0,0.0204,0.00021,0.02061
AMD Phenom X4 9950 BE (140W),AMD,140.0,4.0,2.6,285.0,12.7,1400.0,1412.7,200.0,50000.0,50200.0,0.0204,0.00024,0.020640000000000002
AMD Ryzen 3 1200,AMD,65.0,4.0,3.1,213.0,12.7,600.0,612.7,200.0,20000.0,20200.0,0.0204,0.00011,0.02051
AMD Ryzen 3 1300X,AMD,65.0,4.0,3.4,213.0,12.7,600.0,612.7,200.0,20000.0,20200.0,0.0204,0.00011,0.02051
AMD Ryzen 3 2200G,AMD,65.0,4.0,3.5,210.0,12.7,600.0,612.7,200.0,20000.0,20200.0,0.0204,0.00011,0.02051
AMD Ryzen 3 2200GE,AMD,35.0,4.0,3.2,210.0,12.7,300.0,312.7,200.0,10000.0,10200.0,0.0204,6e-05,0.020460000000000002
AMD Ryzen 3 2200U,AMD,15.0,2.0,2.5,246.0,17.0,150.0,167.0,260.0,10000.0,10260.0,0.0204,2.5e-05,0.020425000000000002
AMD Ryzen 3 2300U,AMD,15.0,4.0,2.0,246.0,12.7,150.0,162.7,200.0,10000.0,10200.0,0.0204,2.5e-05,0.020425000000000002
AMD Ryzen 3 2300X,AMD,65.0,4.0,3.5,213.0,12.7,600.0,612.7,200.0,20000.0,20200.0,0.0204,0.00011,0.02051
AMD Ryzen 3 3100,AMD,65.0,4.0,3.6,198.0,12.7,600.0,612.7,200.0,20000.0,20200.0,0.0204,0.00011,0.02051
AMD Ryzen 3 3200G,AMD,65.0,4.0,3.6,210.0,12.7,600.0,612.7,200.0,20000.0,20200.0,0.0204,0.00011,0.02051
AMD Ryzen 3 3200GE,AMD,35.0,4.0,3.3,210.0,12.7,300.0,312.7,200.0,10000.0,10200.0,0.0204,6e-05,0.020460000000000002
AMD Ryzen 3 3200U,AMD,15.0,2.0,2.6,210.0,17.0,150.0,167.0,260.0,10000.0,10260.0,0.0204,2.5e-05,0.020425000000000002
AMD Ryzen 3 3250U,AMD,15.0,2.0,2.6,210.0,17.0,150.0,167.0,260.0,10000.0,10260.0,0.0204,2.5e-05,0.020425000000000002
AMD Ryzen 3 3300U,AMD,15.0,4.0,2.1,210.0,12.7,150.0,162.7,200.0,10000.0,10200.0,0.0204,2.5e-05,0.020425000000000002
AMD Ryzen 3 3300X,AMD,65.0,4.0,3.8,198.0,12.7,600.0,612.7,200.0,20000.0,20200.0,0.0204,0.00011,0.02051
AMD Ryzen 3 4100,AMD,65.0,4.0,3.8,156.0,12.7,600.0,612.7,200.0,20000.0,20200.0,0.0204,0.00011,0.02051
AMD Ryzen 3 4300G,AMD,65.0,4.0,3.8,156.0,12.7,600.0,612.7,200.0,20000.0,20200.0,0.0204,0.00011,0.02051
AMD Ryzen 3 4300GE,AMD,35.0,4.0,3.5,156.0,12.7,300.0,312.7,200.0,10000.0,10200.0,0.0204,6e-05,0.020460000000000002
AMD Ryzen 3 4300U,AMD,25.0,4.0,2.7,156.0,12.7,250.0,262.7,200.0,10000.0,10200.0,0.0204,4e-05,0.02044
AMD Ryzen 3 5125C,AMD,15.0,2.0,3.0,180.0,17.0,150.0,167.0,260.0,10000.0,10260.0,0.0204,2.5e-05,0.020425000000000002
AMD Ryzen 3 5300G,AMD,65.0,4.0,4.0,180.0,12.7,600.0,612.7,200.0,20000.0,20200.0,0.0204,0.00011,0.02051
AMD Ryzen 3 5300U,AMD,15.0,4.0,2.6,156.0,12.7,150.0,162.7,200.0,10000.0,10200.0,0.0204,2.5e-05,0.020425000000000002
AMD Ryzen 3 5400U,AMD,15.0,4.0,2.6,180.0,12.7,150.0,162.7,200.0,10000.0,10200.0,0.0204,2.5e-05,0.020425000000000002
AMD Ryzen 3 5425C,AMD,15.0,4.0,2.7,180.0,12.7,150.0,162.7,200.0,10000.0,10200.0,0.0204,2.5e-05,0.020425000000000002
AMD Ryzen 3 5425U,AMD,15.0,4.0,2.7,180.0,12.7,150.0,162.7,200.0,10000.0,10200.0,0.0204,2.5e-05,0.020425000000000002
AMD Ryzen 3 7320U,AMD,15.0,4.0,2.4,100.0,12.7,150.0,162.7,200.0,10000.0,10200.0,0.0204,2.5e-05,0.020425000000000002
AMD Ryzen 3 7330U,AMD,15.0,4.0,2.3,180.0,12.7,150.0,162.7,200.0,10000.0,10200.0,0.0204,2.5e-05,0.020425000000000002
AMD Ryzen 3 7335U,AMD,28.0,4.0,3.0,208.0,12.7,280.0,292.7,200.0,10000.0,10200.0,0.0204,5e-05,0.020450000000000003
AMD Ryzen 3 PRO 1200,AMD,65.0,4.0,3.1,213.0,12.7,600.0,612.7,200.0,20000.0,20200.0,0.0204,0.00011,0.02051
AMD Ryzen 3 PRO 1300,AMD,65.0,4.0,3.5,213.0,12.7,600.0,612.7,200.0,20000.0,20200.0,0.0204,0.00011,0.02051
AMD Ryzen 3 PRO 2200GE,AMD,35.0,4.0,3.2,210.0,12.7,300.0,312.7,200.0,10000.0,10200.0,0.0204,6e-05,0.020460000000000002
AMD Ryzen 3 PRO 2300U,AMD,15.0,4.0,2.0,246.0,12.7,150.0,162.7,200.0,10000.0,10200.0,0.0204,2.5e-05,0.020425000000000002
AMD Ryzen 3 PRO 3200GE,AMD,35.0,4.0,3.3,210.0,12.7,300.0,312.7,200.0,10000.0,10200.0,0.0204,6e-05,0.020460000000000002
AMD Ryzen 3 PRO 3300U,AMD,15.0,4.0,2.1,210.0,12.7,150.0,162.7,200.0,10000.0,10200.0,0.0204,2.5e-05,0.020425000000000002
AMD Ryzen 3 PRO 4350G,AMD,65.0,4.0,3.8,156.0,12.7,600.0,612.7,200.0,20000.0,20200.0,0.0204,0.00011,0.02051
AMD Ryzen 3 PRO 4350GE,AMD,35.0,4.0,3.5,156.0,12.7,300.0,312.7,200.0,10000.0,10200.0,0.0204,6e-05,0.020460000000000002
AMD Ryzen 3 PRO 4450U,AMD,15.0,4.0,2.4,156.0,12.7,150.0,162.7,200.0,10000.0,10200.0,0.0204,2.5e-05,0.020425000000000002
AMD Ryzen 3 PRO 5350G,AMD,65.0,4.0,4.0,180.0,12.7,600.0,612.7,200.0,20000.0,20200.0,0.0204,0.00011,0.02051
AMD Ryzen 3 PRO 5350GE,AMD,35.0,4.0,3.6,180.0,12.7,300.0,312.7,200.0,10000.0,10200.0,0.0204,6e-05,0.020460000000000002
AMD Ryzen 3 PRO 5450U,AMD,15.0,4.0,2.6,180.0,12.7,150.0,162.7,200.0,10000.0,10200.0,0.0204,2.5e-05,0.020425000000000002
AMD Ryzen 3 PRO 5475U,AMD,15.0,4.0,2.7,180.0,12.7,150.0,162.7,200.0,10000.0,10200.0,0.0204,2.5e-05,0.020425000000000002
AMD Ryzen 5 1400,AMD,65.0,4.0,3.2,213.0,12.7,600.0,612.7,200.0,20000.0,20200.0,0.0204,0.00011,0.02051
AMD Ryzen 5 1500X,AMD,65.0,4.0,3.5,213.0,12.7,600.0,612.7,200.0,20000.0,20200.0,0.0204,0.00011,0.02051
AMD Ryzen 5 1600,AMD,65.0,6.0,3.2,213.0,13.0,600.0,613.0,210.0,20000.0,20210.0,0.0204,0.00011,0.02051
AMD Ryzen 5 1600AF,AMD,65.0,6.0,3.2,192.0,13.0,600.0,613.0,210.0,20000.0,20210.0,0.0204,0.00011,0.02051
AMD Ryzen 5 1600X,AMD,95.0,6.0,3.6,213.0,13.0,900.0,913.0,210.0,30000.0,30210.0,0.0204,0.00016,0.020560000000000002
AMD Ryzen 5 2400G,AMD,65.0,4.0,3.6,210.0,12.7,600.0,612.7,200.0,20000.0,20200.0,0.0204,0.00011,0.02051
AMD Ryzen 5 2400GE,AMD,35.0,4.0,3.2,210.0,12.7,300.0,312.7,200.0,10000.0,10200.0,0.0204,6e-05,0.020460000000000002
AMD Ryzen 5 2500U,AMD,15.0,4.0,2.0,246.0,12.7,150.0,162.7,200.0,10000.0,10200.0,0.0204,2.5e-05,0.020425000000000002
AMD Ryzen 5 2500X,AMD,65.0,4.0,3.6,213.0,12.7,600.0,612.7,200.0,20000.0,20200.0,0.0204,0.00011,0.02051
AMD Ryzen 5 2600,AMD,65.0,6.0,3.4,213.0,13.0,600.0,613.0,210.0,20000.0,20210.0,0.0204,0.00011,0.02051
AMD Ryzen 5 2600E,AMD,65.0,6.0,3.1,192.0,13.0,600.0,613.0,210.0,20000.0,20210.0,0.0204,0.00011,0.02051
AMD Ryzen 5 2600H,AMD,15.0,4.0,3.3,246.0,12.7,150.0,162.7,200.0,10000.0,10200.0,0.0204,2.5e-05,0.020425000000000002
AMD Ryzen 5 2600X,AMD,95.0,6.0,3.6,213.0,13.0,900.0,913.0,210.0,30000.0,30210.0,0.0204,0.00016,0.020560000000000002
AMD Ryzen 5 3400G,AMD,65.0,4.0,3.7,210.0,12.7,600.0,612.7,200.0,20000.0,20200.0,0.0204,0.00011,0.02051
AMD Ryzen 5 3400GE,AMD,35.0,4.0,3.3,210.0,12.7,300.0,312.7,200.0,10000.0,10200.0,0.0204,6e-05,0.020460000000000002
AMD Ryzen 5 3500U,AMD,15.0,4.0,2.1,210.0,12.7,150.0,162.7,200.0,10000.0,10200.0,0.0204,2.5e-05,0.020425000000000002
AMD Ryzen 5 3500X,AMD,65.0,6.0,3.6,198.0,13.0,600.0,613.0,210.0,20000.0,20210.0,0.0204,0.00011,0.02051
AMD Ryzen 5 3550H,AMD,35.0,4.0,2.1,210.0,12.7,300.0,312.7,200.0,10000.0,10200.0,0.0204,6e-05,0.020460000000000002
AMD Ryzen 5 3580U,AMD,15.0,4.0,2.1,210.0,12.7,150.0,162.7,200.0,10000.0,10200.0,0.0204,2.5e-05,0.020425000000000002
AMD Ryzen 5 3600,AMD,65.0,6.0,3.6,198.0,13.0,600.0,613.0,210.0,20000.0,20210.0,0.0204,0.00011,0.02051
AMD Ryzen 5 3600X,AMD,95.0,6.0,3.8,198.0,13.0,900.0,913.0,210.0,30000.0,30210.0,0.0204,0.00016,0.020560000000000002
AMD Ryzen 5 3600XT,AMD,95.0,6.0,3.8,198.0,13.0,900.0,913.0,210.0,30000.0,30210.0,0.0204,0.00016,0.020560000000000002
AMD Ryzen 5 4500,AMD,65.0,6.0,3.6,156.0,13.0,600.0,613.0,210.0,20000.0,20210.0,0.0204,0.00011,0.02051
AMD Ryzen 5 4500U,AMD,25.0,6.0,2.3,156.0,13.0,250.0,263.0,210.0,10000.0,10210.0,0.0204,4e-05,0.02044
AMD Ryzen 5 4600G,AMD,65.0,6.0,3.7,156.0,13.0,600.0,613.0,210.0,20000.0,20210.0,0.0204,0.00011,0.02051
AMD Ryzen 5 4600GE,AMD,35.0,6.0,3.3,156.0,13.0,300.0,313.0,210.0,10000.0,10210.0,0.0204,6e-05,0.020460000000000002
AMD Ryzen 5 4600H,AMD,54.0,6.0,3.0,156.0,13.0,500.0,513.0,210.0,20000.0,20210.0,0.0204,9e-05,0.02049
AMD Ryzen 5 4600HS,AMD,35.0,6.0,3.0,156.0,13.0,300.0,313.0,210.0,10000.0,10210.0,0.0204,6e-05,0.020460000000000002
AMD Ryzen 5 4600U,AMD,25.0,6.0,2.1,156.0,13.0,250.0,263.0,210.0,10000.0,10210.0,0.0204,4e-05,0.02044
AMD Ryzen 5 5500,AMD,65.0,6.0,3.6,180.0,13.0,600.0,613.0,210.0,20000.0,20210.0,0.0204,0.00011,0.02051
AMD Ryzen 5 5500U,AMD,15.0,6.0,2.1,156.0,13.0,150.0,163.0,210.0,10000.0,10210.0,0.0204,2.5e-05,0.020425000000000002
AMD Ryzen 5 5600,AMD,65.0,6.0,3.5,205.0,13.0,600.0,613.0,210.0,20000.0,20210.0,0.0204,0.00011,0.02051
AMD Ryzen 5 5600G,AMD,65.0,6.0,3.9,180.0,13.0,600.0,613.0,210.0,20000.0,20210.0,0.0204,0.00011,0.02051
AMD Ryzen 5 5600U,AMD,15.0,6.0,2.3,180.0,13.0,150.0,163.0,210.0,10000.0,10210.0,0.0204,2.5e-05,0.020425000000000002
AMD Ryzen 5 5600X,AMD,65.0,6.0,3.7,205.0,13.0,600.0,613.0,210.0,20000.0,20210.0,0.0204,0.00011,0.02051
AMD Ryzen 5 5625C,AMD,15.0,6.0,2.3,180.0,13.0,150.0,163.0,210.0,10000.0,10210.0,0.0204,2.5e-05,0.020425000000000002
AMD Ryzen 5 5625U,AMD,15.0,6.0,2.3,180.0,13.0,150.0,163.0,210.0,10000.0,10210.0,0.0204,2.5e-05,0.020425000000000002
AMD Ryzen 5 6600H,AMD,45.0,6.0,3.3,208.0,13.0,400.0,413.0,210.0,20000.0,20210.0,0.0204,8e-05,0.02048
AMD Ryzen 5 6600HS,AMD,35.0,6.0,3.3,208.0,13.0,300.0,313.0,210.0,10000.0,10210.0,0.0204,6e-05,0.020460000000000002
AMD Ryzen 5 6600U,AMD,15.0,6.0,2.9,208.0,13.0,150.0,163.0,210.0,10000.0,10210.0,0.0204,2.5e-05,0.020425000000000002
AMD Ryzen 5 7520U,AMD,15.0,4.0,2.8,100.0,12.7,150.0,162.7,200.0,10000.0,10200.0,0.0204,2.5e-05,0.020425000000000002
AMD Ryzen 5 7530U,AMD,15.0,6.0,2.0,180.0,13.0,150.0,163.0,210.0,10000.0,10210.0,0.0204,2.5e-05,0.020425000000000002
AMD Ryzen 5 7535H,AMD,35.0,6.0,3.3,208.0,13.0,300.0,313.0,210.0,10000.0,10210.0,0.0204,6e-05,0.020460000000000002
AMD Ryzen 5 7535HS,AMD,35.0,6.0,3.3,208.0,13.0,300.0,313.0,210.0,10000.0,10210.0,0.0204,6e-05,0.020460000000000002
AMD Ryzen 5 7535U,AMD,28.0,6.0,2.9,208.0,13.0,280.0,293.0,210.0,10000.0,10210.0,0.0204,5e-05,0.020450000000000003
AMD Ryzen 5 7600,AMD,65.0,6.0,3.8,193.0,13.0,600.0,613.0,210.0,20000.0,20210.0,0.0204,0.00011,0.02051
AMD Ryzen 5 7600X,AMD,105.0,6.0,4.7,193.0,13.0,1000.0,1013.0,210.0,40000.0,40210.0,0.0204,0.00018,0.02058
AMD Ryzen 5 7640HS,AMD,35.0,6.0,4.3,178.0,13.0,300.0,313.0,210.0,10000.0,10210.0,0.0204,6e-05,0.020460000000000002
AMD Ryzen 5 7640U,AMD,15.0,6.0,3.5,178.0,13.0,150.0,163.0,210.0,10000.0,10210.0,0.0204,2.5e-05,0.020425000000000002
AMD Ryzen 5 7645HX,AMD,45.0,6.0,4.0,193.0,13.0,400.0,413.0,210.0,20000.0,20210.0,0.0204,8e-05,0.02048
AMD Ryzen 5 PRO 1500,AMD,65.0,4.0,3.5,192.0,12.7,600.0,612.7,200.0,20000.0,20200.0,0.0204,0.00011,0.02051
AMD Ryzen 5 PRO 1600,AMD,65.0,6.0,3.2,192.0,13.0,600.0,613.0,210.0,20000.0,20210.0,0.0204,0.00011,0.02051
AMD Ryzen 5 PRO 2400G,AMD,65.0,4.0,3.6,210.0,12.7,600.0,612.7,200.0,20000.0,20200.0,0.0204,0.00011,0.02051
AMD Ryzen 5 PRO 2400GE,AMD,35.0,4.0,3.2,210.0,12.7,300.0,312.7,200.0,10000.0,10200.0,0.0204,6e-05,0.020460000000000002
AMD Ryzen 5 PRO 2500U,AMD,15.0,4.0,2.0,246.0,12.7,150.0,162.7,200.0,10000.0,10200.0,0.0204,2.5e-05,0.020425000000000002
AMD Ryzen 5 PRO 2600,AMD,65.0,6.0,3.4,192.0,13.0,600.0,613.0,210.0,20000.0,20210.0,0.0204,0.00011,0.02051
AMD Ryzen 5 PRO 3400GE,AMD,35.0,4.0,3.3,210.0,12.7,300.0,312.7,200.0,10000.0,10200.0,0.0204,6e-05,0.020460000000000002
AMD Ryzen 5 PRO 3500U,AMD,15.0,4.0,2.1,210.0,12.7,150.0,162.7,200.0,10000.0,10200.0,0.0204,2.5e-05,0.020425000000000002
AMD Ryzen 5 PRO 4650G,AMD,65.0,6.0,3.7,156.0,13.0,600.0,613.0,210.0,20000.0,20210.0,0.0204,0.00011,0.02051
AMD Ryzen 5 PRO 4650GE,AMD,35.0,6.0,3.3,156.0,13.0,300.0,313.0,210.0,10000.0,10210.0,0.0204,6e-05,0.020460000000000002
AMD Ryzen 5 PRO 4650U,AMD,15.0,6.0,2.1,156.0,13.0,150.0,163.0,210.0,10000.0,10210.0,0.0204,2.5e-05,0.020425000000000002
AMD Ryzen 5 PRO 5650G,AMD,65.0,6.0,3.9,180.0,13.0,600.0,613.0,210.0,20000.0,20210.0,0.0204,0.00011,0.02051
AMD Ryzen 5 PRO 5650GE,AMD,35.0,6.0,3.4,180.0,13.0,300.0,313.0,210.0,10000.0,10210.0,0.0204,6e-05,0.020460000000000002
AMD Ryzen 5 PRO 5650U,AMD,15.0,6.0,2.3,180.0,13.0,150.0,163.0,210.0,10000.0,10210.0,0.0204,2.5e-05,0.020425000000000002
AMD Ryzen 5 PRO 5675U,AMD,15.0,6.0,2.3,180.0,13.0,150.0,163.0,210.0,10000.0,10210.0,0.0204,2.5e-05,0.020425000000000002
AMD Ryzen 5 PRO 6650H,AMD,45.0,6.0,3.3,208.0,13.0,400.0,413.0,210.0,20000.0,20210.0,0.0204,8e-05,0.02048
AMD Ryzen 5 PRO 6650HS,AMD,35.0,6.0,3.3,208.0,13.0,300.0,313.0,210.0,10000.0,10210.0,0.0204,6e-05,0.020460000000000002
AMD Ryzen 5 PRO 6650U,AMD,15.0,6.0,2.9,208.0,13.0,150.0,163.0,210.0,10000.0,10210.0,0.0204,2.5e-05,0.020425000000000002
AMD Ryzen 7 1700,AMD,65.0,8.0,3.0,213.0,16.0,600.0,616.0,240.0,20000.0,20240.0,0.0204,0.00011,0.02051
AMD Ryzen 7 1700X,AMD,95.0,8.0,3.4,213.0,16.0,900.0,916.0,240.0,30000.0,30240.0,0.0204,0.00016,0.020560000000000002
AMD Ryzen 7 1800X,AMD,95.0,8.0,3.6,213.0,16.0,900.0,916.0,240.0,30000.0,30240.0,0.0204,0.00016,0.020560000000000002
AMD Ryzen 7 2700,AMD,65.0,8.0,3.2,213.0,16.0,600.0,616.0,240.0,20000.0,20240.0,0.0204,0.00011,0.02051
AMD Ryzen 7 2700E,AMD,65.0,8.0,2.8,192.0,16.0,600.0,616.0,240.0,20000.0,20240.0,0.0204,0.00011,0.02051
AMD Ryzen 7 2700U,AMD,15.0,4.0,2.2,246.0,12.7,150.0,162.7,200.0,10000.0,10200.0,0.0204,2.5e-05,0.020425000000000002
AMD Ryzen 7 2700X,AMD,105.0,8.0,3.7,213.0,16.0,1000.0,1016.0,240.0,40000.0,40240.0,0.0204,0.00018,0.02058
AMD Ryzen 7 2700X 50th Anniversary,AMD,105.0,8.0,3.7,213.0,16.0,1000.0,1016.0,240.0,40000.0,40240.0,0.0204,0.00018,0.02058
AMD Ryzen 7 2800H,AMD,15.0,4.0,3.4,246.0,12.7,150.0,162.7,200.0,10000.0,10200.0,0.0204,2.5e-05,0.020425000000000002
AMD Ryzen 7 3700U,AMD,15.0,4.0,2.3,210.0,12.7,150.0,162.7,200.0,10000.0,10200.0,0.0204,2.5e-05,0.020425000000000002
AMD Ryzen 7 3700X,AMD,65.0,8.0,3.6,198.0,16.0,600.0,616.0,240.0,20000.0,20240.0,0.0204,0.00011,0.02051
AMD Ryzen 7 3750H,AMD,35.0,4.0,2.3,210.0,12.7,300.0,312.7,200.0,10000.0,10200.0,0.0204,6e-05,0.020460000000000002
AMD Ryzen 7 3780U,AMD,15.0,4.0,2.3,210.0,12.7,150.0,162.7,200.0,10000.0,10200.0,0.0204,2.5e-05,0.020425000000000002
AMD Ryzen 7 3800X,AMD,105.0,8.0,3.9,198.0,16.0,1000.0,1016.0,240.0,40000.0,40240.0,0.0204,0.00018,0.02058
AMD Ryzen 7 3800XT,AMD,105.0,8.0,3.8,198.0,16.0,1000.0,1016.0,240.0,40000.0,40240.0,0.0204,0.00018,0.02058
AMD Ryzen 7 4700G,AMD,65.0,8.0,3.6,156.0,16.0,600.0,616.0,240.0,20000.0,20240.0,0.0204,0.00011,0.02051
AMD Ryzen 7 4700GE,AMD,35.0,8.0,3.1,156.0,16.0,300.0,316.0,240.0,10000.0,10240.0,0.0204,6e-05,0.020460000000000002
AMD Ryzen 7 4700U,AMD,25.0,8.0,1.8,156.0,16.0,250.0,266.0,240.0,10000.0,10240.0,0.0204,4e-05,0.02044
AMD Ryzen 7 4750U,AMD,15.0,8.0,1.7,156.0,16.0,150.0,166.0,240.0,10000.0,10240.0,0.0204,2.5e-05,0.020425000000000002
AMD Ryzen 7 4800H,AMD,54.0,8.0,2.9,156.0,16.0,500.0,516.0,240.0,20000.0,20240.0,0.0204,9e-05,0.02049
AMD Ryzen 7 4800HS,AMD,35.0,8.0,2.9,156.0,16.0,300.0,316.0,240.0,10000.0,10240.0,0.0204,6e-05,0.020460000000000002
AMD Ryzen 7 4800U,AMD,25.0,8.0,1.8,156.0,16.0,250.0,266.0,240.0,10000.0,10240.0,0.0204,4e-05,0.02044
AMD Ryzen 7 5700G,AMD,65.0,8.0,3.8,180.0,16.0,600.0,616.0,240.0,20000.0,20240.0,0.0204,0.00011,0.02051
AMD Ryzen 7 5700U,AMD,15.0,8.0,1.8,156.0,16.0,150.0,166.0,240.0,10000.0,10240.0,0.0204,2.5e-05,0.020425000000000002
AMD Ryzen 7 5700X,AMD,65.0,8.0,3.4,205.0,16.0,600.0,616.0,240.0,20000.0,20240.0,0.0204,0.00011,0.02051
AMD Ryzen 7 5800,AMD,65.0,8.0,3.4,205.0,16.0,600.0,616.0,240.0,20000.0,20240.0,0.0204,0.00011,0.02051
AMD Ryzen 7 5800G,AMD,65.0,8.0,3.8,180.0,16.0,600.0,616.0,240.0,20000.0,20240.0,0.0204,0.00011,0.02051
AMD Ryzen 7 5800H,AMD,45.0,8.0,3.2,180.0,16.0,400.0,416.0,240.0,20000.0,20240.0,0.0204,8e-05,0.02048
AMD Ryzen 7 5800HS,AMD,35.0,8.0,2.8,180.0,16.0,300.0,316.0,240.0,10000.0,10240.0,0.0204,6e-05,0.020460000000000002
AMD Ryzen 7 5800U,AMD,15.0,8.0,1.9,180.0,16.0,150.0,166.0,240.0,10000.0,10240.0,0.0204,2.5e-05,0.020425000000000002
AMD Ryzen 7 5800X,AMD,105.0,8.0,3.8,205.0,16.0,1000.0,1016.0,240.0,40000.0,40240.0,0.0204,0.00018,0.02058
AMD Ryzen 7 5800X3D,AMD,105.0,8.0,3.4,199.0,16.0,1000.0,1016.0,240.0,40000.0,40240.0,0.0204,0.00018,0.02058
AMD Ryzen 7 5825C,AMD,15.0,8.0,2.0,180.0,16.0,150.0,166.0,240.0,10000.0,10240.0,0.0204,2.5e-05,0.020425000000000002
AMD Ryzen 7 5825U,AMD,15.0,8.0,2.0,180.0,16.0,150.0,166.0,240.0,10000.0,10240.0,0.0204,2.5e-05,0.020425000000000002
AMD Ryzen 7 6800H,AMD,45.0,8.0,3.2,208.0,16.0,400.0,416.0,240.0,20000.0,20240.0,0.0204,8e-05,0.02048
AMD Ryzen 7 6800HS,AMD,35.0,8.0,3.2,208.0,16.0,300.0,316.0,240.0,10000.0,10240.0,0.0204,6e-05,0.020460000000000002
AMD Ryzen 7 6800U,AMD,15.0,8.0,2.7,208.0,16.0,150.0,166.0,240.0,10000.0,10240.0,0.0204,2.5e-05,0.020425000000000002
AMD Ryzen 7 7700,AMD,65.0,8.0,4.3,192.0,16.0,600.0,616.0,240.0,20000.0,20240.0,0.0204,0.00011,0.02051
AMD Ryzen 7 7700X,AMD,105.0,8.0,4.5,194.0,16.0,1000.0,1016.0,240.0,40000.0,40240.0,0.0204,0.00018,0.02058
AMD Ryzen 7 7730U,AMD,15.0,8.0,2.0,180.0,16.0,150.0,166.0,240.0,10000.0,10240.0,0.0204,2.5e-05,0.020425000000000002
AMD Ryzen 7 7735H,AMD,35.0,8.0,3.2,208.0,16.0,300.0,316.0,240.0,10000.0,10240.0,0.0204,6e-05,0.020460000000000002
AMD Ryzen 7 7735HS,AMD,35.0,8.0,3.2,208.0,16.0,300.0,316.0,240.0,10000.0,10240.0,0.0204,6e-05,0.020460000000000002
AMD Ryzen 7 7735U,AMD,28.0,8.0,2.7,208.0,16.0,280.0,296.0,240.0,10000.0,10240.0,0.0204,5e-05,0.020450000000000003
AMD Ryzen 7 7736U,AMD,15.0,8.0,2.7,208.0,16.0,150.0,166.0,240.0,10000.0,10240.0,0.0204,2.5e-05,0.020425000000000002
AMD Ryzen 7 7745HX,AMD,55.0,8.0,3.6,193.0,16.0,500.0,516.0,240.0,20000.0,20240.0,0.0204,9e-05,0.02049
AMD Ryzen 7 7800X3D,AMD,120.0,8.0,4.4,193.0,16.0,1200.0,1216.0,240.0,40000.0,40240.0,0.0204,0.0002,0.0206
AMD Ryzen 7 7840HS,AMD,35.0,8.0,3.8,178.0,16.0,300.0,316.0,240.0,10000.0,10240.0,0.0204,6e-05,0.020460000000000002
AMD Ryzen 7 PRO 1700,AMD,65.0,8.0,3.0,213.0,16.0,600.0,616.0,240.0,20000.0,20240.0,0.0204,0.00011,0.02051
AMD Ryzen 7 PRO 1700X,AMD,95.0,8.0,3.4,213.0,16.0,900.0,916.0,240.0,30000.0,30240.0,0.0204,0.00016,0.020560000000000002
AMD Ryzen 7 PRO 2700,AMD,65.0,8.0,3.2,192.0,16.0,600.0,616.0,240.0,20000.0,20240.0,0.0204,0.00011,0.02051
AMD Ryzen 7 PRO 2700U,AMD,15.0,4.0,2.2,246.0,12.7,150.0,162.7,200.0,10000.0,10200.0,0.0204,2.5e-05,0.020425000000000002
AMD Ryzen 7 PRO 2700X,AMD,95.0,8.0,3.6,192.0,16.0,900.0,916.0,240.0,30000.0,30240.0,0.0204,0.00016,0.020560000000000002
AMD Ryzen 7 PRO 3700U,AMD,15.0,4.0,2.3,210.0,12.7,150.0,162.7,200.0,10000.0,10200.0,0.0204,2.5e-05,0.020425000000000002
AMD Ryzen 7 PRO 4750G,AMD,65.0,8.0,3.6,156.0,16.0,600.0,616.0,240.0,20000.0,20240.0,0.0204,0.00011,0.02051
AMD Ryzen 7 PRO 4750GE,AMD,35.0,8.0,3.1,156.0,16.0,300.0,316.0,240.0,10000.0,10240.0,0.0204,6e-05,0.020460000000000002
AMD Ryzen 7 PRO 5750G,AMD,65.0,8.0,3.8,180.0,16.0,600.0,616.0,240.0,20000.0,20240.0,0.0204,0.00011,0.02051
AMD Ryzen 7 PRO 5750GE,AMD,35.0,8.0,3.2,180.0,16.0,300.0,316.0,240.0,10000.0,10240.0,0.0204,6e-05,0.020460000000000002
AMD Ryzen 7 PRO 5850U,AMD,15.0,8.0,1.9,180.0,16.0,150.0,166.0,240.0,10000.0,10240.0,0.0204,2.5e-05,0.020425000000000002
AMD Ryzen 7 PRO 5875U,AMD,15.0,8.0,2.0,180.0,16.0,150.0,166.0,240.0,10000.0,10240.0,0.0204,2.5e-05,0.020425000000000002
AMD Ryzen 7 PRO 6850H,AMD,45.0,8.0,3.2,208.0,16.0,400.0,416.0,240.0,20000.0,20240.0,0.0204,8e-05,0.02048
AMD Ryzen 7 PRO 6850HS,AMD,35.0,8.0,3.2,208.0,16.0,300.0,316.0,240.0,10000.0,10240.0,0.0204,6e-05,0.020460000000000002
AMD Ryzen 7 PRO 6850U,AMD,15.0,8.0,2.7,208.0,16.0,150.0,166.0,240.0,10000.0,10240.0,0.0204,2.5e-05,0.020425000000000002
AMD Ryzen 9 3900X,AMD,105.0,12.0,3.8,272.0,17.0,1000.0,1017.0,270.0,40000.0,40270.0,0.0204,0.00018,0.02058
AMD Ryzen 9 3900XT,AMD,105.0,12.0,3.9,272.0,17.0,1000.0,1017.0,270.0,40000.0,40270.0,0.0204,0.00018,0.02058
AMD Ryzen 9 3950X,AMD,105.0,16.0,3.5,272.0,21.0,1000.0,1021.0,320.0,40000.0,40320.0,0.0204,0.00018,0.02058
AMD Ryzen 9 4900H,AMD,54.0,8.0,3.3,156.0,16.0,500.0,516.0,240.0,20000.0,20240.0,0.0204,9e-05,0.02049
AMD Ryzen 9 4900HS,AMD,35.0,8.0,3.0,156.0,16.0,300.0,316.0,240.0,10000.0,10240.0,0.0204,6e-05,0.020460000000000002
AMD Ryzen 9 5900,AMD,65.0,12.0,3.0,205.0,17.0,600.0,617.0,270.0,20000.0,20270.0,0.0204,0.00011,0.02051
AMD Ryzen 9 5900HX,AMD,45.0,8.0,3.3,180.0,16.0,400.0,416.0,240.0,20000.0,20240.0,0.0204,8e-05,0.02048
AMD Ryzen 9 5900X,AMD,105.0,12.0,3.7,205.0,17.0,1000.0,1017.0,270.0,40000.0,40270.0,0.0204,0.00018,0.02058
AMD Ryzen 9 5950X,AMD,105.0,16.0,3.4,205.0,21.0,1000.0,1021.0,320.0,40000.0,40320.0,0.0204,0.00018,0.02058
AMD Ryzen 9 5980HS,AMD,35.0,8.0,3.0,180.0,16.0,300.0,316.0,240.0,10000.0,10240.0,0.0204,6e-05,0.020460000000000002
AMD Ryzen 9 6900HS,AMD,35.0,8.0,3.3,208.0,16.0,300.0,316.0,240.0,10000.0,10240.0,0.0204,6e-05,0.020460000000000002
AMD Ryzen 9 6900HX,AMD,45.0,8.0,3.3,208.0,16.0,400.0,416.0,240.0,20000.0,20240.0,0.0204,8e-05,0.02048
AMD Ryzen 9 6980HS,AMD,45.0,8.0,3.3,208.0,16.0,400.0,416.0,240.0,20000.0,20240.0,0.0204,8e-05,0.02048
AMD Ryzen 9 6980HX,AMD,45.0,8.0,3.3,208.0,16.0,400.0,416.0,240.0,20000.0,20240.0,0.0204,8e-05,0.02048
AMD Ryzen 9 7845HX,AMD,55.0,12.0,3.0,264.0,17.0,500.0,517.0,270.0,20000.0,20270.0,0.0204,9e-05,0.02049
AMD Ryzen 9 7900,AMD,65.0,12.0,3.7,264.0,17.0,600.0,617.0,270.0,20000.0,20270.0,0.0204,0.00011,0.02051
AMD Ryzen 9 7900X,AMD,170.0,12.0,4.7,264.0,17.0,1700.0,1717.0,270.0,100000.0,100270.0,0.0204,0.0003,0.020700000000000003
AMD Ryzen 9 7900X3D,AMD,120.0,12.0,4.4,264.0,17.0,1200.0,1217.0,270.0,40000.0,40270.0,0.0204,0.0002,0.0206
AMD Ryzen 9 7940HS,AMD,35.0,8.0,4.0,178.0,16.0,300.0,316.0,240.0,10000.0,10240.0,0.0204,6e-05,0.020460000000000002
AMD Ryzen 9 7945HX,AMD,55.0,16.0,2.5,264.0,21.0,500.0,521.0,320.0,20000.0,20320.0,0.0204,9e-05,0.02049
AMD Ryzen 9 7950X,AMD,170.0,16.0,4.5,264.0,21.0,1700.0,1721.0,320.0,100000.0,100320.0,0.0204,0.0003,0.020700000000000003
AMD Ryzen 9 7950X3D,AMD,120.0,16.0,4.2,264.0,21.0,1200.0,1221.0,320.0,40000.0,40320.0,0.0204,0.0002,0.0206
AMD Ryzen 9 PRO 6950H,AMD,45.0,8.0,3.3,208.0,16.0,400.0,416.0,240.0,20000.0,20240.0,0.0204,8e-05,0.02048
AMD Ryzen 9 PRO 6950HS,AMD,35.0,8.0,3.3,208.0,16.0,300.0,316.0,240.0,10000.0,10240.0,0.0204,6e-05,0.020460000000000002
AMD Ryzen Embedded R1102G,AMD,6.0,2.0,1.2,1672.0,17.0,60.0,77.0,260.0,2000.0,2260.0,0.0204,1e-05,0.02041
AMD Ryzen Embedded R1305G,AMD,10.0,2.0,1.5,1672.0,17.0,100.0,117.0,260.0,3000.0,3260.0,0.0204,1.7e-05,0.020417
AMD Ryzen Embedded R1505G,AMD,25.0,2.0,2.4,1672.0,17.0,250.0,267.0,260.0,10000.0,10260.0,0.0204,4e-05,0.02044
AMD Ryzen Embedded R1600,AMD,25.0,2.0,2.6,1672.0,17.0,250.0,267.0,260.0,10000.0,10260.0,0.0204,4e-05,0.02044
AMD Ryzen Embedded R1606G,AMD,25.0,2.0,2.6,1672.0,17.0,250.0,267.0,260.0,10000.0,10260.0,0.0204,4e-05,0.02044
AMD Ryzen Embedded V1202B,AMD,15.0,2.0,2.3,210.0,17.0,150.0,167.0,260.0,10000.0,10260.0,0.0204,2.5e-05,0.020425000000000002
AMD Ryzen Embedded V1605B,AMD,15.0,4.0,2.0,210.0,12.7,150.0,162.7,200.0,10000.0,10200.0,0.0204,2.5e-05,0.020425000000000002
AMD Ryzen Embedded V1756B,AMD,45.0,4.0,3.25,210.0,12.7,400.0,412.7,200.0,20000.0,20200.0,0.0204,8e-05,0.02048
AMD Ryzen Embedded V1807B,AMD,45.0,4.0,3.35,210.0,12.7,400.0,412.7,200.0,20000.0,20200.0,0.0204,8e-05,0.02048
AMD Ryzen Embedded V2516,AMD,10.0,6.0,2.1,156.0,13.0,100.0,113.0,210.0,3000.0,3210.0,0.0204,1.7e-05,0.020417
AMD Ryzen Embedded V2546,AMD,35.0,6.0,3.0,156.0,13.0,300.0,313.0,210.0,10000.0,10210.0,0.0204,6e-05,0.020460000000000002
AMD Ryzen Embedded V2718,AMD,10.0,8.0,1.7,156.0,16.0,100.0,116.0,240.0,3000.0,3240.0,0.0204,1.7e-05,0.020417
AMD Ryzen Embedded V2748,AMD,35.0,8.0,2.9,156.0,16.0,300.0,316.0,240.0,10000.0,10240.0,0.0204,6e-05,0.020460000000000002
AMD Ryzen Threadripper 1900,AMD,125.0,8.0,3.1,426.0,16.0,1200.0,1216.0,240.0,40000.0,40240.0,0.0204,0.00021,0.02061
AMD Ryzen Threadripper 1900X,AMD,180.0,8.0,3.8,426.0,16.0,1800.0,1816.0,240.0,100000.0,100240.0,0.0204,0.0003,0.020700000000000003
AMD Ryzen Threadripper 1920,AMD,140.0,12.0,3.2,426.0,17.0,1400.0,1417.0,270.0,50000.0,50270.0,0.0204,0.00024,0.020640000000000002
AMD Ryzen Threadripper 1920X,AMD,180.0,12.0,3.5,426.0,17.0,1800.0,1817.0,270.0,100000.0,100270.0,0.0204,0.0003,0.020700000000000003
AMD Ryzen Threadripper 1940,AMD,180.0,14.0,3.2,213.0,14.4,1800.0,1814.4,227.0,100000.0,100227.0,0.0204,0.0003,0.020700000000000003
AMD Ryzen Threadripper 1940X,AMD,180.0,14.0,3.5,426.0,14.4,1800.0,1814.4,227.0,100000.0,100227.0,0.0204,0.0003,0.020700000000000003
AMD Ryzen Threadripper 1950,AMD,180.0,16.0,3.2,426.0,21.0,1800.0,1821.0,320.0,100000.0,100320.0,0.0204,0.0003,0.020700000000000003
AMD Ryzen Threadripper 1950X,AMD,180.0,16.0,3.4,426.0,21.0,1800.0,1821.0,320.0,100000.0,100320.0,0.0204,0.0003,0.020700000000000003
AMD Ryzen Threadripper 2920X,AMD,180.0,12.0,3.5,426.0,17.0,1800.0,1817.0,270.0,100000.0,100270.0,0.0204,0.0003,0.020700000000000003
AMD Ryzen Threadripper 2950X,AMD,180.0,16.0,3.5,426.0,21.0,1800.0,1821.0,320.0,100000.0,100320.0,0.0204,0.0003,0.020700000000000003
AMD Sempron 130,AMD,45.0,1.0,2.6,117.0,13.71,400.0,413.71,217.5,20000.0,20217.5,0.0204,8e-05,0.02048
AMD Sempron 140,AMD,45.0,1.0,2.7,117.0,13.71,400.0,413.71,217.5,20000.0,20217.5,0.0204,8e-05,0.02048
AMD Sempron 145,AMD,45.0,1.0,2.8,117.0,13.71,400.0,413.71,217.5,20000.0,20217.5,0.0204,8e-05,0.02048
AMD Sempron 150,AMD,45.0,1.0,2.9,117.0,13.71,400.0,413.71,217.5,20000.0,20217.5,0.0204,8e-05,0.02048
AMD Sempron 180,AMD,45.0,2.0,2.4,117.0,17.0,400.0,417.0,260.0,20000.0,20260.0,0.0204,8e-05,0.02048
AMD Sempron 2200+,AMD,62.0,1.0,1.5,80.0,13.71,600.0,613.71,217.5,20000.0,20217.5,0.0204,0.0001,0.0205
AMD Sempron 2300+,AMD,62.0,1.0,1.583,101.0,13.71,600.0,613.71,217.5,20000.0,20217.5,0.0204,0.0001,0.0205
AMD Sempron 2400+,AMD,62.0,1.0,1.667,80.0,13.71,600.0,613.71,217.5,20000.0,20217.5,0.0204,0.0001,0.0205
AMD Sempron 2500+,AMD,62.0,1.0,1.4,84.0,13.71,600.0,613.71,217.5,20000.0,20217.5,0.0204,0.0001,0.0205
AMD Sempron 2600+,AMD,62.0,1.0,1.6,84.0,13.71,600.0,613.71,217.5,20000.0,20217.5,0.0204,0.0001,0.0205
AMD Sempron 2650,AMD,25.0,2.0,1.45,107.0,17.0,250.0,267.0,260.0,10000.0,10260.0,0.0204,4e-05,0.02044
AMD Sempron 3000+,AMD,62.0,1.0,1.8,84.0,13.71,600.0,613.71,217.5,20000.0,20217.5,0.0204,0.0001,0.0205
AMD Sempron 3000+ EE SFF,AMD,35.0,1.0,1.6,103.0,13.71,300.0,313.71,217.5,10000.0,10217.5,0.0204,6e-05,0.020460000000000002
AMD Sempron 3100+,AMD,62.0,1.0,1.8,84.0,13.71,600.0,613.71,217.5,20000.0,20217.5,0.0204,0.0001,0.0205
AMD Sempron 3200+,AMD,62.0,1.0,1.8,84.0,13.71,600.0,613.71,217.5,20000.0,20217.5,0.0204,0.0001,0.0205
AMD Sempron 3200+ EE SFF,AMD,35.0,1.0,1.8,103.0,13.71,300.0,313.71,217.5,10000.0,10217.5,0.0204,6e-05,0.020460000000000002
AMD Sempron 3400+ EE SFF,AMD,35.0,1.0,1.8,103.0,13.71,300.0,313.71,217.5,10000.0,10217.5,0.0204,6e-05,0.020460000000000002
AMD Sempron 3500+,AMD,62.0,1.0,2.0,84.0,13.71,600.0,613.71,217.5,20000.0,20217.5,0.0204,0.0001,0.0205
AMD Sempron 3500+ EE SFF,AMD,35.0,1.0,2.0,103.0,13.71,300.0,313.71,217.5,10000.0,10217.5,0.0204,6e-05,0.020460000000000002
AMD Sempron 3800+,AMD,62.0,1.0,2.2,103.0,13.71,600.0,613.71,217.5,20000.0,20217.5,0.0204,0.0001,0.0205
AMD Sempron 3850,AMD,25.0,4.0,1.3,107.0,12.7,250.0,262.7,200.0,10000.0,10200.0,0.0204,4e-05,0.02044
AMD Sempron X2 2100,AMD,65.0,2.0,1.8,118.0,17.0,600.0,617.0,260.0,20000.0,20260.0,0.0204,0.00011,0.02051
AMD Sempron X2 2200,AMD,65.0,2.0,2.0,118.0,17.0,600.0,617.0,260.0,20000.0,20260.0,0.0204,0.00011,0.02051
AMD Sempron X2 2300,AMD,65.0,2.0,2.2,118.0,17.0,600.0,617.0,260.0,20000.0,20260.0,0.0204,0.00011,0.02051
AMD Sempron X2 240,AMD,65.0,2.0,2.9,246.0,17.0,600.0,617.0,260.0,20000.0,20260.0,0.0204,0.00011,0.02051
AMD Turion 64 ML-28,AMD,32.0,1.0,1.6,125.0,13.71,320.0,333.71,217.5,10000.0,10217.5,0.0204,5e-05,0.020450000000000003
AMD Turion 64 ML-30,AMD,35.0,1.0,1.6,125.0,13.71,300.0,313.71,217.5,10000.0,10217.5,0.0204,6e-05,0.020460000000000002
AMD Turion 64 ML-32,AMD,35.0,1.0,1.8,125.0,13.71,300.0,313.71,217.5,10000.0,10217.5,0.0204,6e-05,0.020460000000000002
AMD Turion 64 ML-34,AMD,35.0,1.0,1.8,125.0,13.71,300.0,313.71,217.5,10000.0,10217.5,0.0204,6e-05,0.020460000000000002
AMD Turion 64 ML-37,AMD,35.0,1.0,2.0,125.0,13.71,300.0,313.71,217.5,10000.0,10217.5,0.0204,6e-05,0.020460000000000002
AMD Turion 64 ML-40,AMD,35.0,1.0,2.2,125.0,13.71,300.0,313.71,217.5,10000.0,10217.5,0.0204,6e-05,0.020460000000000002
AMD Turion 64 ML-42,AMD,35.0,1.0,2.4,125.0,13.71,300.0,313.71,217.5,10000.0,10217.5,0.0204,6e-05,0.020460000000000002
AMD Turion 64 ML-44,AMD,35.0,1.0,2.4,125.0,13.71,300.0,313.71,217.5,10000.0,10217.5,0.0204,6e-05,0.020460000000000002
AMD Turion 64 MT-28,AMD,22.0,1.0,1.6,125.0,13.71,220.0,233.71,217.5,10000.0,10217.5,0.0204,4e-05,0.02044
AMD Turion 64 MT-30,AMD,22.0,1.0,1.6,125.0,13.71,220.0,233.71,217.5,10000.0,10217.5,0.0204,4e-05,0.02044
AMD Turion 64 MT-32,AMD,25.0,1.0,1.8,125.0,13.71,250.0,263.71,217.5,10000.0,10217.5,0.0204,4e-05,0.02044
AMD Turion 64 MT-34,AMD,25.0,1.0,1.8,125.0,13.71,250.0,263.71,217.5,10000.0,10217.5,0.0204,4e-05,0.02044
AMD Turion 64 MT-37,AMD,25.0,1.0,2.0,125.0,13.71,250.0,263.71,217.5,10000.0,10217.5,0.0204,4e-05,0.02044
AMD Turion 64 MT-40,AMD,25.0,1.0,2.2,125.0,13.71,250.0,263.71,217.5,10000.0,10217.5,0.0204,4e-05,0.02044
Intel A100,Intel,3.0,1.0,0.6,66.0,13.71,30.0,43.71,217.5,1000.0,1217.5,0.0204,5e-06,0.020405000000000003
Intel A110,Intel,3.0,1.0,0.8,66.0,13.71,30.0,43.71,217.5,1000.0,1217.5,0.0204,5e-06,0.020405000000000003
Intel Atom 230,Intel,4.0,1.0,1.6,2400.0,13.71,40.0,53.71,217.5,1000.0,1217.5,0.0204,7e-06,0.020407
Intel Atom 330,Intel,8.0,2.0,1.6,2400.0,17.0,80.0,97.0,260.0,3000.0,3260.0,0.0204,1.3e-05,0.020413
Intel Atom CE4100,Intel,7.0,1.0,1.2,96.0,13.71,70.0,83.71000000000001,217.5,2000.0,2217.5,0.0204,1.2e-05,0.020412000000000003
Intel Atom CE4130,Intel,7.0,1.0,1.2,96.0,13.71,70.0,83.71000000000001,217.5,2000.0,2217.5,0.0204,1.2e-05,0.020412000000000003
Intel Atom CE4150,Intel,7.0,1.0,1.2,96.0,13.71,70.0,83.71000000000001,217.5,2000.0,2217.5,0.0204,1.2e-05,0.020412000000000003
Intel Atom D2500,Intel,10.0,2.0,1.867,66.0,17.0,100.0,117.0,260.0,3000.0,3260.0,0.0204,1.7e-05,0.020417
Intel Atom D2550,Intel,10.0,2.0,1.867,66.0,17.0,100.0,117.0,260.0,3000.0,3260.0,0.0204,1.7e-05,0.020417
Intel Atom D2700,Intel,10.0,2.0,2.133,66.0,17.0,100.0,117.0,260.0,3000.0,3260.0,0.0204,1.7e-05,0.020417
Intel Atom D410,Intel,10.0,1.0,1.667,66.0,13.71,100.0,113.71000000000001,217.5,3000.0,3217.5,0.0204,1.7e-05,0.020417
Intel Atom D425,Intel,10.0,1.0,1.834,66.0,13.71,100.0,113.71000000000001,217.5,3000.0,3217.5,0.0204,1.7e-05,0.020417
Intel Atom D510,Intel,13.0,2.0,1.667,66.0,17.0,130.0,147.0,260.0,4000.0,4260.0,0.0204,2.2e-05,0.020422000000000003
Intel Atom D525,Intel,13.0,2.0,1.834,66.0,17.0,130.0,147.0,260.0,4000.0,4260.0,0.0204,2.2e-05,0.020422000000000003
Intel Atom E620,Intel,3.0,1.0,0.6,26.0,13.71,30.0,43.71,217.5,1000.0,1217.5,0.0204,5e-06,0.020405000000000003
Intel Atom E620T,Intel,3.0,1.0,0.6,26.0,13.71,30.0,43.71,217.5,1000.0,1217.5,0.0204,5e-06,0.020405000000000003
Intel Atom E625C,Intel,3.0,1.0,0.6,26.0,13.71,30.0,43.71,217.5,1000.0,1217.5,0.0204,5e-06,0.020405000000000003
Intel Atom E625CT,Intel,3.0,1.0,0.6,26.0,13.71,30.0,43.71,217.5,1000.0,1217.5,0.0204,5e-06,0.020405000000000003
Intel Atom E640,Intel,3.0,1.0,1.0,26.0,13.71,30.0,43.71,217.5,1000.0,1217.5,0.0204,5e-06,0.020405000000000003
Intel Atom E640T,Intel,3.0,1.0,1.0,26.0,13.71,30.0,43.71,217.5,1000.0,1217.5,0.0204,5e-06,0.020405000000000003
Intel Atom E645C,Intel,4.0,1.0,1.0,26.0,13.71,40.0,53.71,217.5,1000.0,1217.5,0.0204,7e-06,0.020407
Intel Atom E645CT,Intel,4.0,1.0,1.0,26.0,13.71,40.0,53.71,217.5,1000.0,1217.5,0.0204,7e-06,0.020407
Intel Atom E660,Intel,3.0,1.0,1.3,26.0,13.71,30.0,43.71,217.5,1000.0,1217.5,0.0204,5e-06,0.020405000000000003
Intel Atom E660T,Intel,3.0,1.0,1.3,26.0,13.71,30.0,43.71,217.5,1000.0,1217.5,0.0204,5e-06,0.020405000000000003
Intel Atom E665C,Intel,4.0,1.0,1.3,26.0,13.71,40.0,53.71,217.5,1000.0,1217.5,0.0204,7e-06,0.020407
Intel Atom E665CT,Intel,7.0,1.0,1.3,26.0,13.71,70.0,83.71000000000001,217.5,2000.0,2217.5,0.0204,1.2e-05,0.020412000000000003
Intel Atom E680,Intel,4.0,1.0,1.6,26.0,13.71,40.0,53.71,217.5,1000.0,1217.5,0.0204,7e-06,0.020407
Intel Atom E680T,Intel,4.0,1.0,1.6,26.0,13.71,40.0,53.71,217.5,1000.0,1217.5,0.0204,7e-06,0.020407
Intel Atom N2600,Intel,4.0,2.0,1.6,66.0,17.0,40.0,57.0,260.0,1000.0,1260.0,0.0204,7e-06,0.020407
Intel Atom N270,Intel,3.0,1.0,1.6,26.0,13.71,30.0,43.71,217.5,1000.0,1217.5,0.0204,5e-06,0.020405000000000003
Intel Atom N280,Intel,3.0,1.0,1.667,26.0,13.71,30.0,43.71,217.5,1000.0,1217.5,0.0204,5e-06,0.020405000000000003
Intel Atom N2800,Intel,7.0,2.0,1.867,66.0,17.0,70.0,87.0,260.0,2000.0,2260.0,0.0204,1.2e-05,0.020412000000000003
Intel Atom N450,Intel,6.0,1.0,1.667,66.0,13.71,60.0,73.71000000000001,217.5,2000.0,2217.5,0.0204,1e-05,0.02041
Intel Atom N455,Intel,7.0,1.0,1.667,66.0,13.71,70.0,83.71000000000001,217.5,2000.0,2217.5,0.0204,1.2e-05,0.020412000000000003
Intel Atom N470,Intel,7.0,1.0,1.834,66.0,13.71,70.0,83.71000000000001,217.5,2000.0,2217.5,0.0204,1.2e-05,0.020412000000000003
Intel Atom N475,Intel,7.0,1.0,1.834,66.0,13.71,70.0,83.71000000000001,217.5,2000.0,2217.5,0.0204,1.2e-05,0.020412000000000003
Intel Atom N550,Intel,9.0,2.0,1.5,87.0,17.0,90.0,107.0,260.0,3000.0,3260.0,0.0204,1.5e-05,0.020415000000000003
Intel Atom N570,Intel,9.0,2.0,1.667,87.0,17.0,90.0,107.0,260.0,3000.0,3260.0,0.0204,1.5e-05,0.020415000000000003
Intel Atom Z2420,Intel,3.0,1.0,1.2,65.0,13.71,30.0,43.71,217.5,1000.0,1217.5,0.0204,5e-06,0.020405000000000003
Intel Atom Z2460,Intel,3.0,1.0,1.3,65.0,13.71,30.0,43.71,217.5,1000.0,1217.5,0.0204,5e-06,0.020405000000000003
Intel Atom Z2480,Intel,3.0,1.0,1.4,65.0,13.71,30.0,43.71,217.5,1000.0,1217.5,0.0204,5e-06,0.020405000000000003
Intel Atom Z2520,Intel,3.0,2.0,1.2,65.0,17.0,30.0,47.0,260.0,1000.0,1260.0,0.0204,5e-06,0.020405000000000003
Intel Atom Z2560,Intel,3.0,2.0,1.6,65.0,17.0,30.0,47.0,260.0,1000.0,1260.0,0.0204,5e-06,0.020405000000000003
Intel Atom Z2580,Intel,3.0,2.0,2.0,65.0,17.0,30.0,47.0,260.0,1000.0,1260.0,0.0204,5e-06,0.020405000000000003
Intel Atom Z2760,Intel,3.0,2.0,1.8,65.0,17.0,30.0,47.0,260.0,1000.0,1260.0,0.0204,5e-06,0.020405000000000003
Intel Atom Z3735G,Intel,2.0,4.0,1.333,100.0,12.7,20.0,32.7,200.0,1000.0,1200.0,0.0204,3e-06,0.020403
Intel Atom Z3740,Intel,2.0,4.0,1.333,100.0,12.7,20.0,32.7,200.0,1000.0,1200.0,0.0204,3e-06,0.020403
Intel Atom Z3770,Intel,8.0,4.0,1.467,100.0,12.7,80.0,92.7,200.0,3000.0,3200.0,0.0204,1.3e-05,0.020413
Intel Atom Z500,Intel,1.0,1.0,0.8,26.0,13.71,13.0,26.71,217.5,500.0,717.5,0.0204,2.3e-06,0.0204023
Intel Atom Z510,Intel,2.0,1.0,1.1,26.0,13.71,20.0,33.71,217.5,1000.0,1217.5,0.0204,3e-06,0.020403
Intel Atom Z510P,Intel,2.0,1.0,1.1,26.0,13.71,20.0,33.71,217.5,1000.0,1217.5,0.0204,3e-06,0.020403
Intel Atom Z510PT,Intel,2.0,1.0,1.1,26.0,13.71,20.0,33.71,217.5,1000.0,1217.5,0.0204,3e-06,0.020403
Intel Atom Z515,Intel,1.0,1.0,1.2,26.0,13.71,13.0,26.71,217.5,500.0,717.5,0.0204,2.3e-06,0.0204023
Intel Atom Z520,Intel,2.0,1.0,1.334,26.0,13.71,20.0,33.71,217.5,1000.0,1217.5,0.0204,3e-06,0.020403
Intel Atom Z520PT,Intel,2.0,1.0,1.334,26.0,13.71,20.0,33.71,217.5,1000.0,1217.5,0.0204,3e-06,0.020403
Intel Atom Z530,Intel,2.0,1.0,1.6,26.0,13.71,20.0,33.71,217.5,1000.0,1217.5,0.0204,3e-06,0.020403
Intel Atom Z530P,Intel,2.0,1.0,1.6,26.0,13.71,20.0,33.71,217.5,1000.0,1217.5,0.0204,3e-06,0.020403
Intel Atom Z540,Intel,2.0,1.0,1.867,26.0,13.71,20.0,33.71,217.5,1000.0,1217.5,0.0204,3e-06,0.020403
Intel Atom Z550,Intel,2.0,1.0,2.0,26.0,13.71,20.0,33.71,217.5,1000.0,1217.5,0.0204,3e-06,0.020403
Intel Atom Z560,Intel,2.0,1.0,2.133,26.0,13.71,20.0,33.71,217.5,1000.0,1217.5,0.0204,3e-06,0.020403
Intel Atom Z600,Intel,1.0,1.0,1.2,65.0,13.71,13.0,26.71,217.5,500.0,717.5,0.0204,2.3e-06,0.0204023
Intel Atom Z605,Intel,2.0,1.0,1.0,65.0,13.71,20.0,33.71,217.5,1000.0,1217.5,0.0204,3e-06,0.020403
Intel Atom Z610,Intel,1.0,1.0,0.8,65.0,13.71,13.0,26.71,217.5,500.0,717.5,0.0204,2.3e-06,0.0204023
Intel Atom Z612,Intel,1.0,1.0,0.9,65.0,13.71,13.0,26.71,217.5,500.0,717.5,0.0204,2.3e-06,0.0204023
Intel Atom Z615,Intel,2.0,1.0,1.6,65.0,13.71,20.0,33.71,217.5,1000.0,1217.5,0.0204,3e-06,0.020403
Intel Atom Z620,Intel,1.0,1.0,0.9,65.0,13.71,13.0,26.71,217.5,500.0,717.5,0.0204,2.3e-06,0.0204023
Intel Atom Z625,Intel,2.0,1.0,1.9,65.0,13.71,20.0,33.71,217.5,1000.0,1217.5,0.0204,3e-06,0.020403
Intel Atom Z650,Intel,3.0,1.0,1.2,65.0,13.71,30.0,43.71,217.5,1000.0,1217.5,0.0204,5e-06,0.020405000000000003
Intel Atom Z670,Intel,3.0,1.0,1.5,65.0,13.71,30.0,43.71,217.5,1000.0,1217.5,0.0204,5e-06,0.020405000000000003
Intel Celeron 1000M,Intel,35.0,2.0,1.8,118.0,17.0,300.0,317.0,260.0,10000.0,10260.0,0.0204,6e-05,0.020460000000000002
Intel Celeron 1007U,Intel,17.0,2.0,1.5,118.0,17.0,170.0,187.0,260.0,10000.0,10260.0,0.0204,3e-05,0.02043
Intel Celeron 1020E,Intel,35.0,2.0,2.2,118.0,17.0,300.0,317.0,260.0,10000.0,10260.0,0.0204,6e-05,0.020460000000000002
Intel Celeron 1020M,Intel,35.0,2.0,2.1,118.0,17.0,300.0,317.0,260.0,10000.0,10260.0,0.0204,6e-05,0.020460000000000002
Intel Celeron 1037U,Intel,17.0,2.0,1.8,118.0,17.0,170.0,187.0,260.0,10000.0,10260.0,0.0204,3e-05,0.02043
Intel Celeron 1047UE,Intel,17.0,2.0,1.4,118.0,17.0,170.0,187.0,260.0,10000.0,10260.0,0.0204,3e-05,0.02043
Intel Celeron 2.0,Intel,73.0,1.0,2.0,146.0,13.71,700.0,713.71,217.5,20000.0,20217.5,0.0204,0.00012,0.02052
Intel Celeron 2.10,Intel,73.0,1.0,2.1,146.0,13.71,700.0,713.71,217.5,20000.0,20217.5,0.0204,0.00012,0.02052
Intel Celeron 2.20,Intel,73.0,1.0,2.2,146.0,13.71,700.0,713.71,217.5,20000.0,20217.5,0.0204,0.00012,0.02052
Intel Celeron 2.30,Intel,73.0,1.0,2.3,146.0,13.71,700.0,713.71,217.5,20000.0,20217.5,0.0204,0.00012,0.02052
Intel Celeron 2.40,Intel,73.0,1.0,2.4,146.0,13.71,700.0,713.71,217.5,20000.0,20217.5,0.0204,0.00012,0.02052
Intel Celeron 2.60,Intel,73.0,1.0,2.6,146.0,13.71,700.0,713.71,217.5,20000.0,20217.5,0.0204,0.00012,0.02052
Intel Celeron 2.70,Intel,73.0,1.0,2.7,146.0,13.71,700.0,713.71,217.5,20000.0,20217.5,0.0204,0.00012,0.02052
Intel Celeron 2.80,Intel,73.0,1.0,2.8,146.0,13.71,700.0,713.71,217.5,20000.0,20217.5,0.0204,0.00012,0.02052
Intel Celeron 220,Intel,19.0,1.0,1.2,77.0,13.71,190.0,203.71,217.5,10000.0,10217.5,0.0204,3e-05,0.02043
Intel Celeron 2950M,Intel,37.0,2.0,2.0,118.0,17.0,400.0,417.0,260.0,10000.0,10260.0,0.0204,6e-05,0.020460000000000002
Intel Celeron 2955U,Intel,15.0,2.0,1.4,118.0,17.0,150.0,167.0,260.0,10000.0,10260.0,0.0204,2.5e-05,0.020425000000000002
Intel Celeron 2961Y,Intel,12.0,2.0,1.1,118.0,17.0,120.0,137.0,260.0,4000.0,4260.0,0.0204,2e-05,0.02042
Intel Celeron 2980U,Intel,15.0,2.0,1.6,118.0,17.0,150.0,167.0,260.0,10000.0,10260.0,0.0204,2.5e-05,0.020425000000000002
Intel Celeron 3205U,Intel,15.0,2.0,1.5,82.0,17.0,150.0,167.0,260.0,10000.0,10260.0,0.0204,2.5e-05,0.020425000000000002
Intel Celeron 3755U,Intel,15.0,2.0,1.7,82.0,17.0,150.0,167.0,260.0,10000.0,10260.0,0.0204,2.5e-05,0.020425000000000002
Intel Celeron 3865U,Intel,15.0,2.0,1.8,686.0,17.0,150.0,167.0,260.0,10000.0,10260.0,0.0204,2.5e-05,0.020425000000000002
Intel Celeron 3965U,Intel,15.0,2.0,2.2,686.0,17.0,150.0,167.0,260.0,10000.0,10260.0,0.0204,2.5e-05,0.020425000000000002
Intel Celeron 420,Intel,35.0,1.0,1.6,77.0,13.71,300.0,313.71,217.5,10000.0,10217.5,0.0204,6e-05,0.020460000000000002
Intel Celeron 430,Intel,35.0,1.0,1.8,77.0,13.71,300.0,313.71,217.5,10000.0,10217.5,0.0204,6e-05,0.020460000000000002
Intel Celeron 440,Intel,35.0,1.0,2.0,77.0,13.71,300.0,313.71,217.5,10000.0,10217.5,0.0204,6e-05,0.020460000000000002
Intel Celeron 445,Intel,65.0,1.0,1.866,76.0,13.71,600.0,613.71,217.5,20000.0,20217.5,0.0204,0.00011,0.02051
Intel Celeron 450,Intel,35.0,1.0,2.2,77.0,13.71,300.0,313.71,217.5,10000.0,10217.5,0.0204,6e-05,0.020460000000000002
Intel Celeron 725C,Intel,17.0,1.0,1.3,131.0,13.71,170.0,183.71,217.5,10000.0,10217.5,0.0204,3e-05,0.02043
Intel Celeron 787,Intel,17.0,1.0,1.3,131.0,13.71,170.0,183.71,217.5,10000.0,10217.5,0.0204,3e-05,0.02043
Intel Celeron 797,Intel,17.0,1.0,1.4,131.0,13.71,170.0,183.71,217.5,10000.0,10217.5,0.0204,3e-05,0.02043
Intel Celeron 807,Intel,17.0,1.0,1.5,131.0,13.71,170.0,183.71,217.5,10000.0,10217.5,0.0204,3e-05,0.02043
Intel Celeron 847,Intel,17.0,2.0,1.1,131.0,17.0,170.0,187.0,260.0,10000.0,10260.0,0.0204,3e-05,0.02043
Intel Celeron 857,Intel,17.0,2.0,1.2,131.0,17.0,170.0,187.0,260.0,10000.0,10260.0,0.0204,3e-05,0.02043
Intel Celeron 867,Intel,17.0,2.0,1.3,131.0,17.0,170.0,187.0,260.0,10000.0,10260.0,0.0204,3e-05,0.02043
Intel Celeron 877,Intel,17.0,2.0,1.4,131.0,17.0,170.0,187.0,260.0,10000.0,10260.0,0.0204,3e-05,0.02043
Intel Celeron 887,Intel,17.0,2.0,1.5,131.0,17.0,170.0,187.0,260.0,10000.0,10260.0,0.0204,3e-05,0.02043
Intel Celeron 947UE,Intel,17.0,1.0,1.4,118.0,13.71,170.0,183.71,217.5,10000.0,10217.5,0.0204,3e-05,0.02043
Intel Celeron B710,Intel,35.0,1.0,1.6,131.0,13.71,300.0,313.71,217.5,10000.0,10217.5,0.0204,6e-05,0.020460000000000002
Intel Celeron B720,Intel,35.0,1.0,1.7,131.0,13.71,300.0,313.71,217.5,10000.0,10217.5,0.0204,6e-05,0.020460000000000002
Intel Celeron B730,Intel,35.0,1.0,1.8,131.0,13.71,300.0,313.71,217.5,10000.0,10217.5,0.0204,6e-05,0.020460000000000002
Intel Celeron B800,Intel,35.0,2.0,1.5,131.0,17.0,300.0,317.0,260.0,10000.0,10260.0,0.0204,6e-05,0.020460000000000002
Intel Celeron B815,Intel,35.0,2.0,1.6,131.0,17.0,300.0,317.0,260.0,10000.0,10260.0,0.0204,6e-05,0.020460000000000002
Intel Celeron B820,Intel,35.0,2.0,1.7,131.0,17.0,300.0,317.0,260.0,10000.0,10260.0,0.0204,6e-05,0.020460000000000002
Intel Celeron B830,Intel,35.0,2.0,1.8,131.0,17.0,300.0,317.0,260.0,10000.0,10260.0,0.0204,6e-05,0.020460000000000002
Intel Celeron B840,Intel,35.0,2.0,1.9,131.0,17.0,300.0,317.0,260.0,10000.0,10260.0,0.0204,6e-05,0.020460000000000002
Intel Celeron D 325,Intel,73.0,1.0,2.533,109.0,13.71,700.0,713.71,217.5,20000.0,20217.5,0.0204,0.00012,0.02052
Intel Celeron D 326,Intel,73.0,1.0,2.53,109.0,13.71,700.0,713.71,217.5,20000.0,20217.5,0.0204,0.00012,0.02052
Intel Celeron D 330,Intel,84.0,1.0,2.667,109.0,13.71,800.0,813.71,217.5,30000.0,30217.5,0.0204,0.00014,0.020540000000000003
Intel Celeron D 335,Intel,84.0,1.0,2.8,109.0,13.71,800.0,813.71,217.5,30000.0,30217.5,0.0204,0.00014,0.020540000000000003
Intel Celeron D 340,Intel,84.0,1.0,2.93,109.0,13.71,800.0,813.71,217.5,30000.0,30217.5,0.0204,0.00014,0.020540000000000003
Intel Celeron D 341,Intel,84.0,1.0,2.93,109.0,13.71,800.0,813.71,217.5,30000.0,30217.5,0.0204,0.00014,0.020540000000000003
Intel Celeron D 346,Intel,73.0,1.0,3.06,109.0,13.71,700.0,713.71,217.5,20000.0,20217.5,0.0204,0.00012,0.02052
Intel Celeron D 350,Intel,84.0,1.0,3.2,109.0,13.71,800.0,813.71,217.5,30000.0,30217.5,0.0204,0.00014,0.020540000000000003
Intel Celeron D 352,Intel,84.0,1.0,3.2,109.0,13.71,800.0,813.71,217.5,30000.0,30217.5,0.0204,0.00014,0.020540000000000003
Intel Celeron E1200,Intel,65.0,2.0,1.6,77.0,17.0,600.0,617.0,260.0,20000.0,20260.0,0.0204,0.00011,0.02051
Intel Celeron E1400,Intel,65.0,2.0,2.0,77.0,17.0,600.0,617.0,260.0,20000.0,20260.0,0.0204,0.00011,0.02051
Intel Celeron E1500,Intel,65.0,2.0,2.2,77.0,17.0,600.0,617.0,260.0,20000.0,20260.0,0.0204,0.00011,0.02051
Intel Celeron E1600,Intel,65.0,2.0,2.4,77.0,17.0,600.0,617.0,260.0,20000.0,20260.0,0.0204,0.00011,0.02051
Intel Celeron E3200,Intel,65.0,2.0,2.4,82.0,17.0,600.0,617.0,260.0,20000.0,20260.0,0.0204,0.00011,0.02051
Intel Celeron E3300,Intel,65.0,2.0,2.5,82.0,17.0,600.0,617.0,260.0,20000.0,20260.0,0.0204,0.00011,0.02051
Intel Celeron E3400,Intel,65.0,2.0,2.6,82.0,17.0,600.0,617.0,260.0,20000.0,20260.0,0.0204,0.00011,0.02051
Intel Celeron E3500,Intel,65.0,2.0,2.7,82.0,17.0,600.0,617.0,260.0,20000.0,20260.0,0.0204,0.00011,0.02051
Intel Celeron G1101,Intel,73.0,2.0,2.266,81.0,17.0,700.0,717.0,260.0,20000.0,20260.0,0.0204,0.00012,0.02052
Intel Celeron G1610,Intel,55.0,2.0,2.6,94.0,17.0,500.0,517.0,260.0,20000.0,20260.0,0.0204,9e-05,0.02049
Intel Celeron G1610T,Intel,35.0,2.0,2.3,94.0,17.0,300.0,317.0,260.0,10000.0,10260.0,0.0204,6e-05,0.020460000000000002
Intel Celeron G1620,Intel,55.0,2.0,2.7,94.0,17.0,500.0,517.0,260.0,20000.0,20260.0,0.0204,9e-05,0.02049
Intel Celeron G1620T,Intel,35.0,2.0,2.4,94.0,17.0,300.0,317.0,260.0,10000.0,10260.0,0.0204,6e-05,0.020460000000000002
Intel Celeron G1630,Intel,55.0,2.0,2.8,94.0,17.0,500.0,517.0,260.0,20000.0,20260.0,0.0204,9e-05,0.02049
Intel Celeron G1820,Intel,54.0,2.0,2.7,177.0,17.0,500.0,517.0,260.0,20000.0,20260.0,0.0204,9e-05,0.02049
Intel Celeron G1820T,Intel,54.0,2.0,2.4,177.0,17.0,500.0,517.0,260.0,20000.0,20260.0,0.0204,9e-05,0.02049
Intel Celeron G1820TE,Intel,54.0,2.0,2.2,177.0,17.0,500.0,517.0,260.0,20000.0,20260.0,0.0204,9e-05,0.02049
Intel Celeron G1830,Intel,54.0,2.0,2.8,177.0,17.0,500.0,517.0,260.0,20000.0,20260.0,0.0204,9e-05,0.02049
Intel Celeron G1840,Intel,54.0,2.0,2.8,177.0,17.0,500.0,517.0,260.0,20000.0,20260.0,0.0204,9e-05,0.02049
Intel Celeron G1840T,Intel,54.0,2.0,2.5,177.0,17.0,500.0,517.0,260.0,20000.0,20260.0,0.0204,9e-05,0.02049
Intel Celeron G1850,Intel,54.0,2.0,2.9,177.0,17.0,500.0,517.0,260.0,20000.0,20260.0,0.0204,9e-05,0.02049
Intel Celeron G3900,Intel,51.0,2.0,2.8,150.0,17.0,500.0,517.0,260.0,20000.0,20260.0,0.0204,9e-05,0.02049
Intel Celeron G3920,Intel,51.0,2.0,2.9,150.0,17.0,500.0,517.0,260.0,20000.0,20260.0,0.0204,9e-05,0.02049
Intel Celeron G440,Intel,35.0,1.0,1.6,131.0,13.71,300.0,313.71,217.5,10000.0,10217.5,0.0204,6e-05,0.020460000000000002
Intel Celeron G460,Intel,35.0,1.0,1.8,131.0,13.71,300.0,313.71,217.5,10000.0,10217.5,0.0204,6e-05,0.020460000000000002
Intel Celeron G465,Intel,35.0,1.0,1.9,131.0,13.71,300.0,313.71,217.5,10000.0,10217.5,0.0204,6e-05,0.020460000000000002
Intel Celeron G4900,Intel,54.0,2.0,3.1,126.0,17.0,500.0,517.0,260.0,20000.0,20260.0,0.0204,9e-05,0.02049
Intel Celeron G4900T,Intel,35.0,2.0,2.9,126.0,17.0,300.0,317.0,260.0,10000.0,10260.0,0.0204,6e-05,0.020460000000000002
Intel Celeron G4920,Intel,54.0,2.0,3.2,126.0,17.0,500.0,517.0,260.0,20000.0,20260.0,0.0204,9e-05,0.02049
Intel Celeron G530,Intel,65.0,2.0,2.4,131.0,17.0,600.0,617.0,260.0,20000.0,20260.0,0.0204,0.00011,0.02051
Intel Celeron G530T,Intel,35.0,2.0,2.0,131.0,17.0,300.0,317.0,260.0,10000.0,10260.0,0.0204,6e-05,0.020460000000000002
Intel Celeron G540,Intel,65.0,2.0,2.5,131.0,17.0,600.0,617.0,260.0,20000.0,20260.0,0.0204,0.00011,0.02051
Intel Celeron G540T,Intel,35.0,2.0,2.1,131.0,17.0,300.0,317.0,260.0,10000.0,10260.0,0.0204,6e-05,0.020460000000000002
Intel Celeron G550,Intel,65.0,2.0,2.6,131.0,17.0,600.0,617.0,260.0,20000.0,20260.0,0.0204,0.00011,0.02051
Intel Celeron G550T,Intel,35.0,2.0,2.2,131.0,17.0,300.0,317.0,260.0,10000.0,10260.0,0.0204,6e-05,0.020460000000000002
Intel Celeron G555,Intel,65.0,2.0,2.7,131.0,17.0,600.0,617.0,260.0,20000.0,20260.0,0.0204,0.00011,0.02051
Intel Core 2 Duo E4300,Intel,65.0,2.0,1.8,111.0,17.0,600.0,617.0,260.0,20000.0,20260.0,0.0204,0.00011,0.02051
Intel Core 2 Duo E4400,Intel,65.0,2.0,2.0,111.0,17.0,600.0,617.0,260.0,20000.0,20260.0,0.0204,0.00011,0.02051
Intel Core 2 Duo E4500,Intel,65.0,2.0,2.2,111.0,17.0,600.0,617.0,260.0,20000.0,20260.0,0.0204,0.00011,0.02051
Intel Core 2 Duo E4600,Intel,65.0,2.0,2.4,111.0,17.0,600.0,617.0,260.0,20000.0,20260.0,0.0204,0.00011,0.02051
Intel Core 2 Duo E4700,Intel,65.0,2.0,2.6,111.0,17.0,600.0,617.0,260.0,20000.0,20260.0,0.0204,0.00011,0.02051
Intel Core 2 Duo E6300,Intel,65.0,2.0,1.866,143.0,17.0,600.0,617.0,260.0,20000.0,20260.0,0.0204,0.00011,0.02051
Intel Core 2 Duo E6320,Intel,65.0,2.0,1.86,143.0,17.0,600.0,617.0,260.0,20000.0,20260.0,0.0204,0.00011,0.02051
Intel Core 2 Duo E6400,Intel,65.0,2.0,2.133,143.0,17.0,600.0,617.0,260.0,20000.0,20260.0,0.0204,0.00011,0.02051
Intel Core 2 Duo E6420,Intel,65.0,2.0,2.133,111.0,17.0,600.0,617.0,260.0,20000.0,20260.0,0.0204,0.00011,0.02051
Intel Core 2 Duo E6550,Intel,65.0,2.0,2.333,143.0,17.0,600.0,617.0,260.0,20000.0,20260.0,0.0204,0.00011,0.02051
Intel Core 2 Duo E6600,Intel,65.0,2.0,2.4,143.0,17.0,600.0,617.0,260.0,20000.0,20260.0,0.0204,0.00011,0.02051
Intel Core 2 Duo E6700,Intel,65.0,2.0,2.667,143.0,17.0,600.0,617.0,260.0,20000.0,20260.0,0.0204,0.00011,0.02051
Intel Core 2 Duo E6750,Intel,65.0,2.0,2.667,143.0,17.0,600.0,617.0,260.0,20000.0,20260.0,0.0204,0.00011,0.02051
Intel Core 2 Duo E6850,Intel,75.0,2.0,3.0,143.0,17.0,700.0,717.0,260.0,30000.0,30260.0,0.0204,0.00013,0.020530000000000003
Intel Core 2 Duo E7200,Intel,65.0,2.0,2.533,82.0,17.0,600.0,617.0,260.0,20000.0,20260.0,0.0204,0.00011,0.02051
Intel Core 2 Duo E7300,Intel,65.0,2.0,2.667,107.0,17.0,600.0,617.0,260.0,20000.0,20260.0,0.0204,0.00011,0.02051
Intel Core 2 Duo E7400,Intel,65.0,2.0,2.8,82.0,17.0,600.0,617.0,260.0,20000.0,20260.0,0.0204,0.00011,0.02051
Intel Core 2 Duo E7500,Intel,65.0,2.0,2.933,82.0,17.0,600.0,617.0,260.0,20000.0,20260.0,0.0204,0.00011,0.02051
Intel Core 2 Duo E7600,Intel,65.0,2.0,3.067,82.0,17.0,600.0,617.0,260.0,20000.0,20260.0,0.0204,0.00011,0.02051
Intel Core 2 Duo E8135,Intel,44.0,2.0,2.667,107.0,17.0,400.0,417.0,260.0,10000.0,10260.0,0.0204,7e-05,0.020470000000000002
Intel Core 2 Duo E8190,Intel,65.0,2.0,2.667,104.0,17.0,600.0,617.0,260.0,20000.0,20260.0,0.0204,0.00011,0.02051
Intel Core 2 Duo E8200,Intel,65.0,2.0,2.667,107.0,17.0,600.0,617.0,260.0,20000.0,20260.0,0.0204,0.00011,0.02051
Intel Core 2 Duo E8235,Intel,44.0,2.0,2.8,107.0,17.0,400.0,417.0,260.0,10000.0,10260.0,0.0204,7e-05,0.020470000000000002
Intel Core 2 Duo E8300,Intel,65.0,2.0,2.833,107.0,17.0,600.0,617.0,260.0,20000.0,20260.0,0.0204,0.00011,0.02051
Intel Core 2 Duo E8335,Intel,44.0,2.0,2.933,107.0,17.0,400.0,417.0,260.0,10000.0,10260.0,0.0204,7e-05,0.020470000000000002
Intel Core 2 Duo E8400,Intel,65.0,2.0,3.0,104.0,17.0,600.0,617.0,260.0,20000.0,20260.0,0.0204,0.00011,0.02051
Intel Core 2 Duo E8435,Intel,44.0,2.0,3.067,107.0,17.0,400.0,417.0,260.0,10000.0,10260.0,0.0204,7e-05,0.020470000000000002
Intel Core 2 Duo E8500,Intel,65.0,2.0,3.166,107.0,17.0,600.0,617.0,260.0,20000.0,20260.0,0.0204,0.00011,0.02051
Intel Core 2 Duo E8600,Intel,65.0,2.0,3.333,107.0,17.0,600.0,617.0,260.0,20000.0,20260.0,0.0204,0.00011,0.02051
Intel Core 2 Duo P8400,Intel,25.0,2.0,2.267,81.0,17.0,250.0,267.0,260.0,10000.0,10260.0,0.0204,4e-05,0.02044
Intel Core 2 Duo P8600,Intel,25.0,2.0,2.4,81.0,17.0,250.0,267.0,260.0,10000.0,10260.0,0.0204,4e-05,0.02044
Intel Core 2 Duo P8700,Intel,25.0,2.0,2.533,81.0,17.0,250.0,267.0,260.0,10000.0,10260.0,0.0204,4e-05,0.02044
Intel Core 2 Duo P8800,Intel,25.0,2.0,2.667,81.0,17.0,250.0,267.0,260.0,10000.0,10260.0,0.0204,4e-05,0.02044
Intel Core 2 Duo P9500,Intel,25.0,2.0,2.533,107.0,17.0,250.0,267.0,260.0,10000.0,10260.0,0.0204,4e-05,0.02044
Intel Core 2 Duo P9600,Intel,25.0,2.0,2.667,107.0,17.0,250.0,267.0,260.0,10000.0,10260.0,0.0204,4e-05,0.02044
Intel Core 2 Duo P9700,Intel,28.0,2.0,2.8,107.0,17.0,280.0,297.0,260.0,10000.0,10260.0,0.0204,5e-05,0.020450000000000003
Intel Core 2 Duo T5200,Intel,35.0,2.0,1.6,143.0,17.0,300.0,317.0,260.0,10000.0,10260.0,0.0204,6e-05,0.020460000000000002
Intel Core 2 Duo T5500,Intel,35.0,2.0,1.667,143.0,17.0,300.0,317.0,260.0,10000.0,10260.0,0.0204,6e-05,0.020460000000000002
Intel Core 2 Duo T5600,Intel,35.0,2.0,1.833,143.0,17.0,300.0,317.0,260.0,10000.0,10260.0,0.0204,6e-05,0.020460000000000002
Intel Core 2 Duo T7100,Intel,35.0,2.0,1.8,111.0,17.0,300.0,317.0,260.0,10000.0,10260.0,0.0204,6e-05,0.020460000000000002
Intel Core 2 Duo T7200,Intel,35.0,2.0,2.0,143.0,17.0,300.0,317.0,260.0,10000.0,10260.0,0.0204,6e-05,0.020460000000000002
Intel Core 2 Duo T7250,Intel,35.0,2.0,2.0,111.0,17.0,300.0,317.0,260.0,10000.0,10260.0,0.0204,6e-05,0.020460000000000002
Intel Core 2 Duo T7300,Intel,35.0,2.0,2.0,143.0,17.0,300.0,317.0,260.0,10000.0,10260.0,0.0204,6e-05,0.020460000000000002
Intel Core 2 Duo T7400,Intel,35.0,2.0,2.166,143.0,17.0,300.0,317.0,260.0,10000.0,10260.0,0.0204,6e-05,0.020460000000000002
Intel Core 2 Duo T7500,Intel,35.0,2.0,2.2,143.0,17.0,300.0,317.0,260.0,10000.0,10260.0,0.0204,6e-05,0.020460000000000002
Intel Core 2 Duo T7600,Intel,35.0,2.0,2.333,143.0,17.0,300.0,317.0,260.0,10000.0,10260.0,0.0204,6e-05,0.020460000000000002
Intel Core 2 Duo T7600G,Intel,35.0,2.0,2.333,143.0,17.0,300.0,317.0,260.0,10000.0,10260.0,0.0204,6e-05,0.020460000000000002
Intel Core 2 Duo T7700,Intel,35.0,2.0,2.4,143.0,17.0,300.0,317.0,260.0,10000.0,10260.0,0.0204,6e-05,0.020460000000000002
Intel Core 2 Duo T7800,Intel,35.0,2.0,2.6,143.0,17.0,300.0,317.0,260.0,10000.0,10260.0,0.0204,6e-05,0.020460000000000002
Intel Core 2 Duo T8100,Intel,35.0,2.0,2.1,81.0,17.0,300.0,317.0,260.0,10000.0,10260.0,0.0204,6e-05,0.020460000000000002
Intel Core 2 Duo T8300,Intel,35.0,2.0,2.4,81.0,17.0,300.0,317.0,260.0,10000.0,10260.0,0.0204,6e-05,0.020460000000000002
Intel Core 2 Duo T9300,Intel,35.0,2.0,2.5,107.0,17.0,300.0,317.0,260.0,10000.0,10260.0,0.0204,6e-05,0.020460000000000002
Intel Core 2 Duo T9400,Intel,35.0,2.0,2.533,107.0,17.0,300.0,317.0,260.0,10000.0,10260.0,0.0204,6e-05,0.020460000000000002
Intel Core 2 Duo T9500,Intel,35.0,2.0,2.6,107.0,17.0,300.0,317.0,260.0,10000.0,10260.0,0.0204,6e-05,0.020460000000000002
Intel Core 2 Duo T9550,Intel,35.0,2.0,2.667,107.0,17.0,300.0,317.0,260.0,10000.0,10260.0,0.0204,6e-05,0.020460000000000002
Intel Core 2 Duo T9600,Intel,35.0,2.0,2.8,107.0,17.0,300.0,317.0,260.0,10000.0,10260.0,0.0204,6e-05,0.020460000000000002
Intel Core 2 Duo T9800,Intel,35.0,2.0,2.933,107.0,17.0,300.0,317.0,260.0,10000.0,10260.0,0.0204,6e-05,0.020460000000000002
Intel Core 2 Duo T9900,Intel,35.0,2.0,3.067,107.0,17.0,300.0,317.0,260.0,10000.0,10260.0,0.0204,6e-05,0.020460000000000002
Intel Core 2 Duo U7500,Intel,10.0,2.0,1.073,111.0,17.0,100.0,117.0,260.0,3000.0,3260.0,0.0204,1.7e-05,0.020417
Intel Core 2 Duo U7600,Intel,10.0,2.0,1.2,111.0,17.0,100.0,117.0,260.0,3000.0,3260.0,0.0204,1.7e-05,0.020417
Intel Core 2 Duo U7700,Intel,10.0,2.0,1.333,111.0,17.0,100.0,117.0,260.0,3000.0,3260.0,0.0204,1.7e-05,0.020417
Intel Core 2 Extreme QX6700,Intel,130.0,4.0,2.666,286.0,12.7,1300.0,1312.7,200.0,40000.0,40200.0,0.0204,0.00022,0.020620000000000003
Intel Core 2 Extreme QX6800,Intel,130.0,4.0,2.933,286.0,12.7,1300.0,1312.7,200.0,40000.0,40200.0,0.0204,0.00022,0.020620000000000003
Intel Core 2 Extreme QX6850,Intel,130.0,4.0,3.0,286.0,12.7,1300.0,1312.7,200.0,40000.0,40200.0,0.0204,0.00022,0.020620000000000003
Intel Core 2 Extreme QX9300,Intel,45.0,4.0,2.534,214.0,12.7,400.0,412.7,200.0,20000.0,20200.0,0.0204,8e-05,0.02048
Intel Core 2 Extreme QX9650,Intel,130.0,4.0,3.0,214.0,12.7,1300.0,1312.7,200.0,40000.0,40200.0,0.0204,0.00022,0.020620000000000003
Intel Core 2 Extreme QX9770,Intel,136.0,4.0,3.2,214.0,12.7,1400.0,1412.7,200.0,50000.0,50200.0,0.0204,0.00023,0.020630000000000003
Intel Core 2 Extreme QX9775,Intel,150.0,4.0,3.2,214.0,12.7,1500.0,1512.7,200.0,100000.0,100200.0,0.0204,0.00025,0.02065
Intel Core 2 Extreme X6800,Intel,75.0,2.0,2.933,143.0,17.0,700.0,717.0,260.0,30000.0,30260.0,0.0204,0.00013,0.020530000000000003
Intel Core 2 Extreme X7900,Intel,44.0,2.0,2.8,143.0,17.0,400.0,417.0,260.0,10000.0,10260.0,0.0204,7e-05,0.020470000000000002
Intel Core 2 Extreme X9000,Intel,44.0,2.0,2.8,107.0,17.0,400.0,417.0,260.0,10000.0,10260.0,0.0204,7e-05,0.020470000000000002
Intel Core 2 Extreme X9100,Intel,44.0,2.0,3.067,107.0,17.0,400.0,417.0,260.0,10000.0,10260.0,0.0204,7e-05,0.020470000000000002
Intel Core 2 Quad Q6600 (105W),Intel,105.0,4.0,2.4,286.0,12.7,1000.0,1012.7,200.0,40000.0,40200.0,0.0204,0.00018,0.02058
Intel Core 2 Quad Q6600 (95W),Intel,95.0,4.0,2.4,286.0,12.7,900.0,912.7,200.0,30000.0,30200.0,0.0204,0.00016,0.020560000000000002
Intel Core 2 Quad Q6700,Intel,95.0,4.0,2.666,286.0,12.7,900.0,912.7,200.0,30000.0,30200.0,0.0204,0.00016,0.020560000000000002
Intel Core 2 Quad Q7600,Intel,95.0,4.0,2.7,164.0,12.7,900.0,912.7,200.0,30000.0,30200.0,0.0204,0.00016,0.020560000000000002
Intel Core 2 Quad Q8200,Intel,95.0,4.0,2.333,164.0,12.7,900.0,912.7,200.0,30000.0,30200.0,0.0204,0.00016,0.020560000000000002
Intel Core 2 Quad Q8200S,Intel,65.0,4.0,2.333,164.0,12.7,600.0,612.7,200.0,20000.0,20200.0,0.0204,0.00011,0.02051
Intel Core 2 Quad Q8300,Intel,95.0,4.0,2.5,164.0,12.7,900.0,912.7,200.0,30000.0,30200.0,0.0204,0.00016,0.020560000000000002
Intel Core 2 Quad Q8400,Intel,95.0,4.0,2.666,164.0,12.7,900.0,912.7,200.0,30000.0,30200.0,0.0204,0.00016,0.020560000000000002
Intel Core 2 Quad Q8400S,Intel,65.0,4.0,2.666,164.0,12.7,600.0,612.7,200.0,20000.0,20200.0,0.0204,0.00011,0.02051
Intel Core 2 Quad Q9100,Intel,45.0,4.0,2.267,214.0,12.7,400.0,412.7,200.0,20000.0,20200.0,0.0204,8e-05,0.02048
Intel Core 2 Quad Q9300,Intel,95.0,4.0,2.5,164.0,12.7,900.0,912.7,200.0,30000.0,30200.0,0.0204,0.00016,0.020560000000000002
Intel Core 2 Quad Q9400,Intel,95.0,4.0,2.666,162.0,12.7,900.0,912.7,200.0,30000.0,30200.0,0.0204,0.00016,0.020560000000000002
Intel Core 2 Quad Q9400S,Intel,65.0,4.0,2.666,164.0,12.7,600.0,612.7,200.0,20000.0,20200.0,0.0204,0.00011,0.02051
Intel Core 2 Quad Q9450,Intel,95.0,4.0,2.666,214.0,12.7,900.0,912.7,200.0,30000.0,30200.0,0.0204,0.00016,0.020560000000000002
Intel Core 2 Quad Q9505,Intel,95.0,4.0,2.833,164.0,12.7,900.0,912.7,200.0,30000.0,30200.0,0.0204,0.00016,0.020560000000000002
Intel Core 2 Quad Q9550,Intel,95.0,4.0,2.833,214.0,12.7,900.0,912.7,200.0,30000.0,30200.0,0.0204,0.00016,0.020560000000000002
Intel Core 2 Quad Q9550S,Intel,65.0,4.0,2.833,214.0,12.7,600.0,612.7,200.0,20000.0,20200.0,0.0204,0.00011,0.02051
Intel Core 2 Quad Q9650,Intel,95.0,4.0,3.0,214.0,12.7,900.0,912.7,200.0,30000.0,30200.0,0.0204,0.00016,0.020560000000000002
Intel Core 2 Solo ULV SU3300,Intel,5.0,1.0,1.2,107.0,13.71,50.0,63.71,217.5,2000.0,2217.5,0.0204,8e-06,0.020408000000000003
Intel Core 2 Solo ULV SU3500,Intel,5.0,1.0,1.4,107.0,13.71,50.0,63.71,217.5,2000.0,2217.5,0.0204,8e-06,0.020408000000000003
Intel Core 2 Solo ULV U2100,Intel,5.0,1.0,1.067,143.0,13.71,50.0,63.71,217.5,2000.0,2217.5,0.0204,8e-06,0.020408000000000003
Intel Core 2 Solo ULV U2200,Intel,5.0,1.0,1.2,143.0,13.71,50.0,63.71,217.5,2000.0,2217.5,0.0204,8e-06,0.020408000000000003
Intel Core Duo LV L2300,Intel,15.0,2.0,1.5,90.0,17.0,150.0,167.0,260.0,10000.0,10260.0,0.0204,2.5e-05,0.020425000000000002
Intel Core Duo LV L2400,Intel,15.0,2.0,1.666,90.0,17.0,150.0,167.0,260.0,10000.0,10260.0,0.0204,2.5e-05,0.020425000000000002
Intel Core Duo LV L2500,Intel,15.0,2.0,1.833,90.0,17.0,150.0,167.0,260.0,10000.0,10260.0,0.0204,2.5e-05,0.020425000000000002
Intel Core Duo T2050,Intel,31.0,2.0,1.6,90.0,17.0,310.0,327.0,260.0,10000.0,10260.0,0.0204,5e-05,0.020450000000000003
Intel Core Duo T2250,Intel,31.0,2.0,1.733,90.0,17.0,310.0,327.0,260.0,10000.0,10260.0,0.0204,5e-05,0.020450000000000003
Intel Core Duo T2300,Intel,31.0,2.0,1.66,90.0,17.0,310.0,327.0,260.0,10000.0,10260.0,0.0204,5e-05,0.020450000000000003
Intel Core Duo T2400,Intel,31.0,2.0,1.826,90.0,17.0,310.0,327.0,260.0,10000.0,10260.0,0.0204,5e-05,0.020450000000000003
Intel Core Duo T2500,Intel,31.0,2.0,1.992,90.0,17.0,310.0,327.0,260.0,10000.0,10260.0,0.0204,5e-05,0.020450000000000003
Intel Core Duo T2600,Intel,31.0,2.0,2.166,90.0,17.0,310.0,327.0,260.0,10000.0,10260.0,0.0204,5e-05,0.020450000000000003
Intel Core Duo T2700,Intel,31.0,2.0,2.333,90.0,17.0,310.0,327.0,260.0,10000.0,10260.0,0.0204,5e-05,0.020450000000000003
Intel Core Duo ULV L2400,Intel,9.0,2.0,1.066,90.0,17.0,90.0,107.0,260.0,3000.0,3260.0,0.0204,1.5e-05,0.020415000000000003
Intel Core Duo ULV L2500,Intel,9.0,2.0,1.2,90.0,17.0,90.0,107.0,260.0,3000.0,3260.0,0.0204,1.5e-05,0.020415000000000003
Intel Core M-5Y10,Intel,5.0,2.0,0.8,50.0,17.0,50.0,67.0,260.0,2000.0,2260.0,0.0204,8e-06,0.020408000000000003
Intel Core M-5Y10a,Intel,5.0,2.0,0.8,50.0,17.0,50.0,67.0,260.0,2000.0,2260.0,0.0204,8e-06,0.020408000000000003
Intel Core M-5Y10c,Intel,5.0,2.0,0.8,50.0,17.0,50.0,67.0,260.0,2000.0,2260.0,0.0204,8e-06,0.020408000000000003
Intel Core M-5Y31,Intel,5.0,2.0,0.9,50.0,17.0,50.0,67.0,260.0,2000.0,2260.0,0.0204,8e-06,0.020408000000000003
Intel Core M-5Y51,Intel,5.0,2.0,1.1,50.0,17.0,50.0,67.0,260.0,2000.0,2260.0,0.0204,8e-06,0.020408000000000003
Intel Core M-5Y70,Intel,5.0,2.0,1.1,50.0,17.0,50.0,67.0,260.0,2000.0,2260.0,0.0204,8e-06,0.020408000000000003
Intel Core M-5Y71,Intel,5.0,2.0,1.2,50.0,17.0,50.0,67.0,260.0,2000.0,2260.0,0.0204,8e-06,0.020408000000000003
Intel Core Solo T1200,Intel,27.0,1.0,1.5,90.0,13.71,270.0,283.71,217.5,10000.0,10217.5,0.0204,5e-05,0.020450000000000003
Intel Core Solo T1300,Intel,27.0,1.0,1.66,90.0,13.71,270.0,283.71,217.5,10000.0,10217.5,0.0204,5e-05,0.020450000000000003
Intel Core Solo T1350,Intel,27.0,1.0,1.866,90.0,13.71,270.0,283.71,217.5,10000.0,10217.5,0.0204,5e-05,0.020450000000000003
Intel Core Solo T1400,Intel,27.0,1.0,1.833,90.0,13.71,270.0,283.71,217.5,10000.0,10217.5,0.0204,5e-05,0.020450000000000003
Intel Core Solo ULV U1300,Intel,5.0,1.0,1.066,90.0,13.71,50.0,63.71,217.5,2000.0,2217.5,0.0204,8e-06,0.020408000000000003
Intel Core Solo ULV U1400,Intel,5.0,1.0,1.2,90.0,13.71,50.0,63.71,217.5,2000.0,2217.5,0.0204,8e-06,0.020408000000000003
Intel Core Solo ULV U1500,Intel,5.0,1.0,1.333,90.0,13.71,50.0,63.71,217.5,2000.0,2217.5,0.0204,8e-06,0.020408000000000003
Intel Core i3-1000G1,Intel,9.0,2.0,1.1,123.0,17.0,90.0,107.0,260.0,3000.0,3260.0,0.0204,1.5e-05,0.020415000000000003
Intel Core i3-1000G4,Intel,9.0,2.0,1.1,123.0,17.0,90.0,107.0,260.0,3000.0,3260.0,0.0204,1.5e-05,0.020415000000000003
Intel Core i3-1005G1,Intel,15.0,2.0,1.2,123.0,17.0,150.0,167.0,260.0,10000.0,10260.0,0.0204,2.5e-05,0.020425000000000002
Intel Core i3-12100,Intel,60.0,4.0,3.3,163.0,12.7,600.0,612.7,200.0,20000.0,20200.0,0.0204,0.0001,0.0205
Intel Core i3-12100E,Intel,60.0,4.0,3.2,163.0,12.7,600.0,612.7,200.0,20000.0,20200.0,0.0204,0.0001,0.0205
Intel Core i3-12100F,Intel,58.0,4.0,3.3,163.0,12.7,600.0,612.7,200.0,20000.0,20200.0,0.0204,0.0001,0.0205
Intel Core i3-12100T,Intel,35.0,4.0,2.2,163.0,12.7,300.0,312.7,200.0,10000.0,10200.0,0.0204,6e-05,0.020460000000000002
Intel Core i3-12100TE,Intel,35.0,4.0,2.1,163.0,12.7,300.0,312.7,200.0,10000.0,10200.0,0.0204,6e-05,0.020460000000000002
Intel Core i3-12300,Intel,60.0,4.0,3.5,163.0,12.7,600.0,612.7,200.0,20000.0,20200.0,0.0204,0.0001,0.0205
Intel Core i3-12300HE,Intel,45.0,8.0,1.9,217.0,16.0,400.0,416.0,240.0,20000.0,20240.0,0.0204,8e-05,0.02048
Intel Core i3-12300T,Intel,35.0,4.0,2.3,163.0,12.7,300.0,312.7,200.0,10000.0,10200.0,0.0204,6e-05,0.020460000000000002
Intel Core i3-13100,Intel,60.0,4.0,3.4,257.0,12.7,600.0,612.7,200.0,20000.0,20200.0,0.0204,0.0001,0.0205
Intel Core i3-13100E,Intel,60.0,4.0,3.3,257.0,12.7,600.0,612.7,200.0,20000.0,20200.0,0.0204,0.0001,0.0205
Intel Core i3-13100F,Intel,58.0,4.0,3.4,257.0,12.7,600.0,612.7,200.0,20000.0,20200.0,0.0204,0.0001,0.0205
Intel Core i3-13100T,Intel,35.0,4.0,2.5,257.0,12.7,300.0,312.7,200.0,10000.0,10200.0,0.0204,6e-05,0.020460000000000002
Intel Core i3-13100TE,Intel,35.0,4.0,2.4,257.0,12.7,300.0,312.7,200.0,10000.0,10200.0,0.0204,6e-05,0.020460000000000002
Intel Core i3-2102,Intel,65.0,2.0,3.1,131.0,17.0,600.0,617.0,260.0,20000.0,20260.0,0.0204,0.00011,0.02051
Intel Core i3-2115C,Intel,65.0,2.0,2.0,131.0,17.0,600.0,617.0,260.0,20000.0,20260.0,0.0204,0.00011,0.02051
Intel Core i3-2120T,Intel,35.0,2.0,2.6,131.0,17.0,300.0,317.0,260.0,10000.0,10260.0,0.0204,6e-05,0.020460000000000002
Intel Core i3-2125,Intel,65.0,2.0,3.3,131.0,17.0,600.0,617.0,260.0,20000.0,20260.0,0.0204,0.00011,0.02051
Intel Core i3-2130,Intel,65.0,2.0,3.4,131.0,17.0,600.0,617.0,260.0,20000.0,20260.0,0.0204,0.00011,0.02051
Intel Core i3-2312M,Intel,35.0,2.0,2.1,149.0,17.0,300.0,317.0,260.0,10000.0,10260.0,0.0204,6e-05,0.020460000000000002
Intel Core i3-2328M,Intel,35.0,2.0,2.2,149.0,17.0,300.0,317.0,260.0,10000.0,10260.0,0.0204,6e-05,0.020460000000000002
Intel Core i3-2330E,Intel,35.0,2.0,2.2,149.0,17.0,300.0,317.0,260.0,10000.0,10260.0,0.0204,6e-05,0.020460000000000002
Intel Core i3-2330M,Intel,35.0,2.0,2.2,149.0,17.0,300.0,317.0,260.0,10000.0,10260.0,0.0204,6e-05,0.020460000000000002
Intel Core i3-2332M,Intel,35.0,2.0,2.2,149.0,17.0,300.0,317.0,260.0,10000.0,10260.0,0.0204,6e-05,0.020460000000000002
Intel Core i3-2340UE,Intel,17.0,2.0,1.3,149.0,17.0,170.0,187.0,260.0,10000.0,10260.0,0.0204,3e-05,0.02043
Intel Core i3-2350M,Intel,35.0,2.0,2.3,149.0,17.0,300.0,317.0,260.0,10000.0,10260.0,0.0204,6e-05,0.020460000000000002
Intel Core i3-2357M,Intel,17.0,2.0,1.3,149.0,17.0,170.0,187.0,260.0,10000.0,10260.0,0.0204,3e-05,0.02043
Intel Core i3-2367M,Intel,17.0,2.0,1.4,149.0,17.0,170.0,187.0,260.0,10000.0,10260.0,0.0204,3e-05,0.02043
Intel Core i3-2370M,Intel,35.0,2.0,2.4,149.0,17.0,300.0,317.0,260.0,10000.0,10260.0,0.0204,6e-05,0.020460000000000002
Intel Core i3-2377M,Intel,17.0,2.0,1.5,149.0,17.0,170.0,187.0,260.0,10000.0,10260.0,0.0204,3e-05,0.02043
Intel Core i3-3110M,Intel,35.0,2.0,2.4,118.0,17.0,300.0,317.0,260.0,10000.0,10260.0,0.0204,6e-05,0.020460000000000002
Intel Core i3-3120M,Intel,35.0,2.0,2.5,118.0,17.0,300.0,317.0,260.0,10000.0,10260.0,0.0204,6e-05,0.020460000000000002
Intel Core i3-3120ME,Intel,35.0,2.0,2.4,118.0,17.0,300.0,317.0,260.0,10000.0,10260.0,0.0204,6e-05,0.020460000000000002
Intel Core i3-3130M,Intel,35.0,2.0,2.6,118.0,17.0,300.0,317.0,260.0,10000.0,10260.0,0.0204,6e-05,0.020460000000000002
Intel Core i3-3210,Intel,55.0,2.0,3.2,94.0,17.0,500.0,517.0,260.0,20000.0,20260.0,0.0204,9e-05,0.02049
Intel Core i3-3217U,Intel,17.0,2.0,1.8,118.0,17.0,170.0,187.0,260.0,10000.0,10260.0,0.0204,3e-05,0.02043
Intel Core i3-3217UE,Intel,17.0,2.0,1.6,118.0,17.0,170.0,187.0,260.0,10000.0,10260.0,0.0204,3e-05,0.02043
Intel Core i3-3220,Intel,55.0,2.0,3.3,94.0,17.0,500.0,517.0,260.0,20000.0,20260.0,0.0204,9e-05,0.02049
Intel Core i3-3220T,Intel,35.0,2.0,2.8,94.0,17.0,300.0,317.0,260.0,10000.0,10260.0,0.0204,6e-05,0.020460000000000002
Intel Core i3-3225,Intel,55.0,2.0,3.3,118.0,17.0,500.0,517.0,260.0,20000.0,20260.0,0.0204,9e-05,0.02049
Intel Core i3-3227U,Intel,17.0,2.0,1.9,118.0,17.0,170.0,187.0,260.0,10000.0,10260.0,0.0204,3e-05,0.02043
Intel Core i3-3229Y,Intel,13.0,2.0,1.4,118.0,17.0,130.0,147.0,260.0,4000.0,4260.0,0.0204,2.2e-05,0.020422000000000003
Intel Core i3-3240,Intel,55.0,2.0,3.4,94.0,17.0,500.0,517.0,260.0,20000.0,20260.0,0.0204,9e-05,0.02049
Intel Core i3-3240T,Intel,35.0,2.0,3.0,94.0,17.0,300.0,317.0,260.0,10000.0,10260.0,0.0204,6e-05,0.020460000000000002
Intel Core i3-350M,Intel,35.0,2.0,2.267,81.0,17.0,300.0,317.0,260.0,10000.0,10260.0,0.0204,6e-05,0.020460000000000002
Intel Core i3-370M,Intel,35.0,2.0,2.4,81.0,17.0,300.0,317.0,260.0,10000.0,10260.0,0.0204,6e-05,0.020460000000000002
Intel Core i3-380M,Intel,35.0,2.0,2.534,81.0,17.0,300.0,317.0,260.0,10000.0,10260.0,0.0204,6e-05,0.020460000000000002
Intel Core i3-390M,Intel,35.0,2.0,2.667,81.0,17.0,300.0,317.0,260.0,10000.0,10260.0,0.0204,6e-05,0.020460000000000002
Intel Core i3-4000M,Intel,37.0,2.0,2.4,118.0,17.0,400.0,417.0,260.0,10000.0,10260.0,0.0204,6e-05,0.020460000000000002
Intel Core i3-4005U,Intel,15.0,2.0,1.7,118.0,17.0,150.0,167.0,260.0,10000.0,10260.0,0.0204,2.5e-05,0.020425000000000002
Intel Core i3-4010U,Intel,15.0,2.0,1.7,118.0,17.0,150.0,167.0,260.0,10000.0,10260.0,0.0204,2.5e-05,0.020425000000000002
Intel Core i3-4010Y,Intel,12.0,2.0,1.3,118.0,17.0,120.0,137.0,260.0,4000.0,4260.0,0.0204,2e-05,0.02042
Intel Core i3-4100E,Intel,37.0,2.0,2.4,118.0,17.0,400.0,417.0,260.0,10000.0,10260.0,0.0204,6e-05,0.020460000000000002
Intel Core i3-4100U,Intel,15.0,2.0,1.8,118.0,17.0,150.0,167.0,260.0,10000.0,10260.0,0.0204,2.5e-05,0.020425000000000002
Intel Core i3-4102E,Intel,25.0,2.0,1.6,118.0,17.0,250.0,267.0,260.0,10000.0,10260.0,0.0204,4e-05,0.02044
Intel Core i3-4130,Intel,54.0,2.0,3.4,177.0,17.0,500.0,517.0,260.0,20000.0,20260.0,0.0204,9e-05,0.02049
Intel Core i3-4130T,Intel,35.0,2.0,2.9,177.0,17.0,300.0,317.0,260.0,10000.0,10260.0,0.0204,6e-05,0.020460000000000002
Intel Core i3-4150,Intel,54.0,2.0,3.5,177.0,17.0,500.0,517.0,260.0,20000.0,20260.0,0.0204,9e-05,0.02049
Intel Core i3-4150T,Intel,35.0,2.0,2.9,177.0,17.0,300.0,317.0,260.0,10000.0,10260.0,0.0204,6e-05,0.020460000000000002
Intel Core i3-4158U,Intel,28.0,2.0,2.0,118.0,17.0,280.0,297.0,260.0,10000.0,10260.0,0.0204,5e-05,0.020450000000000003
Intel Core i3-4160,Intel,54.0,2.0,3.6,177.0,17.0,500.0,517.0,260.0,20000.0,20260.0,0.0204,9e-05,0.02049
Intel Core i3-4160T,Intel,35.0,2.0,3.1,177.0,17.0,300.0,317.0,260.0,10000.0,10260.0,0.0204,6e-05,0.020460000000000002
Intel Core i3-4330,Intel,54.0,2.0,3.5,177.0,17.0,500.0,517.0,260.0,20000.0,20260.0,0.0204,9e-05,0.02049
Intel Core i3-4330T,Intel,35.0,2.0,3.0,177.0,17.0,300.0,317.0,260.0,10000.0,10260.0,0.0204,6e-05,0.020460000000000002
Intel Core i3-4340,Intel,54.0,2.0,3.6,177.0,17.0,500.0,517.0,260.0,20000.0,20260.0,0.0204,9e-05,0.02049
Intel Core i3-4350,Intel,54.0,2.0,3.6,177.0,17.0,500.0,517.0,260.0,20000.0,20260.0,0.0204,9e-05,0.02049
Intel Core i3-4360,Intel,54.0,2.0,3.7,177.0,17.0,500.0,517.0,260.0,20000.0,20260.0,0.0204,9e-05,0.02049
Intel Core i3-4360T,Intel,35.0,2.0,3.2,177.0,17.0,300.0,317.0,260.0,10000.0,10260.0,0.0204,6e-05,0.020460000000000002
Intel Core i3-4370,Intel,54.0,2.0,3.8,177.0,17.0,500.0,517.0,260.0,20000.0,20260.0,0.0204,9e-05,0.02049
Intel Core i3-5005U,Intel,15.0,2.0,2.0,82.0,17.0,150.0,167.0,260.0,10000.0,10260.0,0.0204,2.5e-05,0.020425000000000002
Intel Core i3-5010U,Intel,15.0,2.0,2.1,82.0,17.0,150.0,167.0,260.0,10000.0,10260.0,0.0204,2.5e-05,0.020425000000000002
Intel Core i3-5015U,Intel,15.0,2.0,2.1,82.0,17.0,150.0,167.0,260.0,10000.0,10260.0,0.0204,2.5e-05,0.020425000000000002
Intel Core i3-5020U,Intel,15.0,2.0,2.2,82.0,17.0,150.0,167.0,260.0,10000.0,10260.0,0.0204,2.5e-05,0.020425000000000002
Intel Core i3-5157U,Intel,28.0,2.0,2.5,133.0,17.0,280.0,297.0,260.0,10000.0,10260.0,0.0204,5e-05,0.020450000000000003
Intel Core i3-530,Intel,73.0,2.0,2.933,81.0,17.0,700.0,717.0,260.0,20000.0,20260.0,0.0204,0.00012,0.02052
Intel Core i3-540,Intel,73.0,2.0,3.066,81.0,17.0,700.0,717.0,260.0,20000.0,20260.0,0.0204,0.00012,0.02052
Intel Core i3-550,Intel,73.0,2.0,3.2,81.0,17.0,700.0,717.0,260.0,20000.0,20260.0,0.0204,0.00012,0.02052
Intel Core i3-560,Intel,73.0,2.0,3.333,81.0,17.0,700.0,717.0,260.0,20000.0,20260.0,0.0204,0.00012,0.02052
Intel Core i3-6100,Intel,51.0,2.0,3.7,150.0,17.0,500.0,517.0,260.0,20000.0,20260.0,0.0204,9e-05,0.02049
Intel Core i3-6300,Intel,51.0,2.0,3.8,150.0,17.0,500.0,517.0,260.0,20000.0,20260.0,0.0204,9e-05,0.02049
Intel Core i3-6320,Intel,51.0,2.0,3.9,150.0,17.0,500.0,517.0,260.0,20000.0,20260.0,0.0204,9e-05,0.02049
Intel Core i3-7100H,Intel,35.0,2.0,2.8,126.0,17.0,300.0,317.0,260.0,10000.0,10260.0,0.0204,6e-05,0.020460000000000002
Intel Core i3-8020,Intel,51.0,4.0,3.7,126.0,12.7,500.0,512.7,200.0,20000.0,20200.0,0.0204,9e-05,0.02049
Intel Core i3-8100,Intel,65.0,4.0,3.6,126.0,12.7,600.0,612.7,200.0,20000.0,20200.0,0.0204,0.00011,0.02051
Intel Core i3-8100F,Intel,65.0,4.0,3.6,126.0,12.7,600.0,612.7,200.0,20000.0,20200.0,0.0204,0.00011,0.02051
Intel Core i3-8100T,Intel,35.0,4.0,3.1,126.0,12.7,300.0,312.7,200.0,10000.0,10200.0,0.0204,6e-05,0.020460000000000002
Intel Core i3-8109U,Intel,28.0,2.0,3.0,123.0,17.0,280.0,297.0,260.0,10000.0,10260.0,0.0204,5e-05,0.020450000000000003
Intel Core i3-8120,Intel,65.0,4.0,3.7,126.0,12.7,600.0,612.7,200.0,20000.0,20200.0,0.0204,0.00011,0.02051
Intel Core i3-8121U,Intel,15.0,2.0,2.2,3640.0,17.0,150.0,167.0,260.0,10000.0,10260.0,0.0204,2.5e-05,0.020425000000000002
Intel Core i3-8130U,Intel,15.0,2.0,2.4,123.0,17.0,150.0,167.0,260.0,10000.0,10260.0,0.0204,2.5e-05,0.020425000000000002
Intel Core i3-8145U,Intel,28.0,2.0,2.1,123.0,17.0,280.0,297.0,260.0,10000.0,10260.0,0.0204,5e-05,0.020450000000000003
Intel Core i3-8300,Intel,62.0,4.0,3.7,126.0,12.7,600.0,612.7,200.0,20000.0,20200.0,0.0204,0.0001,0.0205
Intel Core i3-8300T,Intel,35.0,4.0,3.2,126.0,12.7,300.0,312.7,200.0,10000.0,10200.0,0.0204,6e-05,0.020460000000000002
Intel Core i3-8350K,Intel,91.0,4.0,4.0,126.0,12.7,900.0,912.7,200.0,30000.0,30200.0,0.0204,0.00015,0.020550000000000002
Intel Core i3-9100,Intel,65.0,4.0,3.6,126.0,12.7,600.0,612.7,200.0,20000.0,20200.0,0.0204,0.00011,0.02051
Intel Core i3-9100E,Intel,65.0,4.0,3.1,126.0,12.7,600.0,612.7,200.0,20000.0,20200.0,0.0204,0.00011,0.02051
Intel Core i3-9100F,Intel,65.0,4.0,3.6,126.0,12.7,600.0,612.7,200.0,20000.0,20200.0,0.0204,0.00011,0.02051
Intel Core i3-9100HL,Intel,25.0,4.0,1.6,126.0,12.7,250.0,262.7,200.0,10000.0,10200.0,0.0204,4e-05,0.02044
Intel Core i3-9100T,Intel,35.0,4.0,3.1,126.0,12.7,300.0,312.7,200.0,10000.0,10200.0,0.0204,6e-05,0.020460000000000002
Intel Core i3-9100TE,Intel,35.0,4.0,2.2,126.0,12.7,300.0,312.7,200.0,10000.0,10200.0,0.0204,6e-05,0.020460000000000002
Intel Core i3-9300,Intel,62.0,4.0,3.7,126.0,12.7,600.0,612.7,200.0,20000.0,20200.0,0.0204,0.0001,0.0205
Intel Core i3-9320,Intel,62.0,4.0,3.7,126.0,12.7,600.0,612.7,200.0,20000.0,20200.0,0.0204,0.0001,0.0205
Intel Core i3-9350K,Intel,91.0,4.0,4.0,126.0,12.7,900.0,912.7,200.0,30000.0,30200.0,0.0204,0.00015,0.020550000000000002
Intel Core i3-9350KF,Intel,91.0,4.0,4.0,126.0,12.7,900.0,912.7,200.0,30000.0,30200.0,0.0204,0.00015,0.020550000000000002
Intel Core i5-1030G4,Intel,9.0,4.0,0.7,123.0,12.7,90.0,102.7,200.0,3000.0,3200.0,0.0204,1.5e-05,0.020415000000000003
Intel Core i5-1030G7,Intel,9.0,4.0,0.8,123.0,12.7,90.0,102.7,200.0,3000.0,3200.0,0.0204,1.5e-05,0.020415000000000003
Intel Core i5-1035G1,Intel,15.0,4.0,1.0,123.0,12.7,150.0,162.7,200.0,10000.0,10200.0,0.0204,2.5e-05,0.020425000000000002
Intel Core i5-1035G4,Intel,15.0,4.0,1.1,123.0,12.7,150.0,162.7,200.0,10000.0,10200.0,0.0204,2.5e-05,0.020425000000000002
Intel Core i5-1035G7,Intel,15.0,4.0,1.2,123.0,12.7,150.0,162.7,200.0,10000.0,10200.0,0.0204,2.5e-05,0.020425000000000002
Intel Core i5-1038NG7,Intel,28.0,4.0,2.0,123.0,12.7,280.0,292.7,200.0,10000.0,10200.0,0.0204,5e-05,0.020450000000000003
Intel Core i5-11260H,Intel,35.0,6.0,2.1,190.0,13.0,300.0,313.0,210.0,10000.0,10210.0,0.0204,6e-05,0.020460000000000002
Intel Core i5-11300H,Intel,28.0,4.0,2.6,146.0,12.7,280.0,292.7,200.0,10000.0,10200.0,0.0204,5e-05,0.020450000000000003
Intel Core i5-11320H,Intel,28.0,4.0,2.5,146.0,12.7,280.0,292.7,200.0,10000.0,10200.0,0.0204,5e-05,0.020450000000000003
Intel Core i5-11400,Intel,65.0,6.0,2.6,276.0,13.0,600.0,613.0,210.0,20000.0,20210.0,0.0204,0.00011,0.02051
Intel Core i5-11400F,Intel,65.0,6.0,2.6,276.0,13.0,600.0,613.0,210.0,20000.0,20210.0,0.0204,0.00011,0.02051
Intel Core i5-11400H,Intel,35.0,6.0,2.2,190.0,13.0,300.0,313.0,210.0,10000.0,10210.0,0.0204,6e-05,0.020460000000000002
Intel Core i5-11400T,Intel,35.0,6.0,1.3,276.0,13.0,300.0,313.0,210.0,10000.0,10210.0,0.0204,6e-05,0.020460000000000002
Intel Core i5-11500,Intel,65.0,6.0,2.7,276.0,13.0,600.0,613.0,210.0,20000.0,20210.0,0.0204,0.00011,0.02051
Intel Core i5-11500H,Intel,35.0,6.0,2.4,190.0,13.0,300.0,313.0,210.0,10000.0,10210.0,0.0204,6e-05,0.020460000000000002
Intel Core i5-11500T,Intel,35.0,6.0,1.5,276.0,13.0,300.0,313.0,210.0,10000.0,10210.0,0.0204,6e-05,0.020460000000000002
Intel Core i5-11600,Intel,65.0,6.0,2.8,276.0,13.0,600.0,613.0,210.0,20000.0,20210.0,0.0204,0.00011,0.02051
Intel Core i5-11600K,Intel,125.0,6.0,3.9,276.0,13.0,1200.0,1213.0,210.0,40000.0,40210.0,0.0204,0.00021,0.02061
Intel Core i5-11600KF,Intel,125.0,6.0,3.9,276.0,13.0,1200.0,1213.0,210.0,40000.0,40210.0,0.0204,0.00021,0.02061
Intel Core i5-11600T,Intel,35.0,6.0,1.7,276.0,13.0,300.0,313.0,210.0,10000.0,10210.0,0.0204,6e-05,0.020460000000000002
Intel Core i5-12400,Intel,65.0,6.0,2.5,163.0,13.0,600.0,613.0,210.0,20000.0,20210.0,0.0204,0.00011,0.02051
Intel Core i5-12400F,Intel,65.0,6.0,2.5,163.0,13.0,600.0,613.0,210.0,20000.0,20210.0,0.0204,0.00011,0.02051
Intel Core i5-12400T,Intel,35.0,6.0,1.8,163.0,13.0,300.0,313.0,210.0,10000.0,10210.0,0.0204,6e-05,0.020460000000000002
Intel Core i5-1240P,Intel,28.0,12.0,1.7,217.0,17.0,280.0,297.0,270.0,10000.0,10270.0,0.0204,5e-05,0.020450000000000003
Intel Core i5-12450H,Intel,45.0,8.0,2.0,217.0,16.0,400.0,416.0,240.0,20000.0,20240.0,0.0204,8e-05,0.02048
Intel Core i5-12450HX,Intel,55.0,8.0,2.4,215.0,16.0,500.0,516.0,240.0,20000.0,20240.0,0.0204,9e-05,0.02049
Intel Core i5-12490F,Intel,65.0,6.0,3.0,163.0,13.0,600.0,613.0,210.0,20000.0,20210.0,0.0204,0.00011,0.02051
Intel Core i5-12500,Intel,65.0,6.0,3.0,163.0,13.0,600.0,613.0,210.0,20000.0,20210.0,0.0204,0.00011,0.02051
Intel Core i5-12500E,Intel,65.0,6.0,2.9,163.0,13.0,600.0,613.0,210.0,20000.0,20210.0,0.0204,0.00011,0.02051
Intel Core i5-12500H,Intel,45.0,12.0,2.5,217.0,17.0,400.0,417.0,270.0,20000.0,20270.0,0.0204,8e-05,0.02048
Intel Core i5-12500T,Intel,35.0,6.0,2.0,163.0,13.0,300.0,313.0,210.0,10000.0,10210.0,0.0204,6e-05,0.020460000000000002
Intel Core i5-12500TE,Intel,35.0,6.0,1.9,163.0,13.0,300.0,313.0,210.0,10000.0,10210.0,0.0204,6e-05,0.020460000000000002
Intel Core i5-1250P,Intel,28.0,12.0,1.7,217.0,17.0,280.0,297.0,270.0,10000.0,10270.0,0.0204,5e-05,0.020450000000000003
Intel Core i5-12600,Intel,65.0,6.0,3.3,163.0,13.0,600.0,613.0,210.0,20000.0,20210.0,0.0204,0.00011,0.02051
Intel Core i5-12600H,Intel,45.0,12.0,2.7,217.0,17.0,400.0,417.0,270.0,20000.0,20270.0,0.0204,8e-05,0.02048
Intel Core i5-12600HE,Intel,45.0,12.0,2.5,217.0,17.0,400.0,417.0,270.0,20000.0,20270.0,0.0204,8e-05,0.02048
Intel Core i5-12600HX,Intel,55.0,12.0,2.5,215.0,17.0,500.0,517.0,270.0,20000.0,20270.0,0.0204,9e-05,0.02049
Intel Core i5-12600K,Intel,125.0,10.0,3.7,215.0,17.0,1200.0,1217.0,260.0,40000.0,40260.0,0.0204,0.00021,0.02061
Intel Core i5-12600KF,Intel,125.0,10.0,3.7,215.0,17.0,1200.0,1217.0,260.0,40000.0,40260.0,0.0204,0.00021,0.02061
Intel Core i5-12600T,Intel,35.0,6.0,2.1,163.0,13.0,300.0,313.0,210.0,10000.0,10210.0,0.0204,6e-05,0.020460000000000002
Intel Core i5-13400,Intel,65.0,10.0,2.5,257.0,17.0,600.0,617.0,260.0,20000.0,20260.0,0.0204,0.00011,0.02051
Intel Core i5-13400E,Intel,65.0,10.0,2.4,257.0,17.0,600.0,617.0,260.0,20000.0,20260.0,0.0204,0.00011,0.02051
Intel Core i5-13400F,Intel,65.0,10.0,2.5,257.0,17.0,600.0,617.0,260.0,20000.0,20260.0,0.0204,0.00011,0.02051
Intel Core i5-13400T,Intel,35.0,10.0,1.3,257.0,17.0,300.0,317.0,260.0,10000.0,10260.0,0.0204,6e-05,0.020460000000000002
Intel Core i5-13450HX,Intel,55.0,10.0,2.4,257.0,17.0,500.0,517.0,260.0,20000.0,20260.0,0.0204,9e-05,0.02049
Intel Core i5-13490F,Intel,65.0,10.0,2.5,257.0,17.0,600.0,617.0,260.0,20000.0,20260.0,0.0204,0.00011,0.02051
Intel Core i5-13500,Intel,65.0,14.0,2.5,257.0,14.4,600.0,614.4,227.0,20000.0,20227.0,0.0204,0.00011,0.02051
Intel Core i5-13500E,Intel,65.0,14.0,2.4,257.0,14.4,600.0,614.4,227.0,20000.0,20227.0,0.0204,0.00011,0.02051
Intel Core i5-13500HX,Intel,55.0,14.0,2.5,257.0,14.4,500.0,514.4,227.0,20000.0,20227.0,0.0204,9e-05,0.02049
Intel Core i5-13500T,Intel,35.0,14.0,1.6,257.0,14.4,300.0,314.4,227.0,10000.0,10227.0,0.0204,6e-05,0.020460000000000002
Intel Core i5-13500TE,Intel,35.0,14.0,1.3,257.0,14.4,300.0,314.4,227.0,10000.0,10227.0,0.0204,6e-05,0.020460000000000002
Intel Core i5-13600,Intel,65.0,14.0,2.7,257.0,14.4,600.0,614.4,227.0,20000.0,20227.0,0.0204,0.00011,0.02051
Intel Core i5-13600HX,Intel,55.0,14.0,2.6,257.0,14.4,500.0,514.4,227.0,20000.0,20227.0,0.0204,9e-05,0.02049
Intel Core i5-13600K,Intel,125.0,14.0,3.5,257.0,14.4,1200.0,1214.4,227.0,40000.0,40227.0,0.0204,0.00021,0.02061
Intel Core i5-13600KF,Intel,125.0,14.0,3.5,257.0,14.4,1200.0,1214.4,227.0,40000.0,40227.0,0.0204,0.00021,0.02061
Intel Core i5-13600T,Intel,35.0,14.0,1.8,257.0,14.4,300.0,314.4,227.0,10000.0,10227.0,0.0204,6e-05,0.020460000000000002
Intel Core i5-2310,Intel,95.0,4.0,2.9,216.0,12.7,900.0,912.7,200.0,30000.0,30200.0,0.0204,0.00016,0.020560000000000002
Intel Core i5-2320,Intel,95.0,4.0,3.0,216.0,12.7,900.0,912.7,200.0,30000.0,30200.0,0.0204,0.00016,0.020560000000000002
Intel Core i5-2380P,Intel,95.0,4.0,3.1,216.0,12.7,900.0,912.7,200.0,30000.0,30200.0,0.0204,0.00016,0.020560000000000002
Intel Core i5-2405S,Intel,65.0,4.0,2.5,216.0,12.7,600.0,612.7,200.0,20000.0,20200.0,0.0204,0.00011,0.02051
Intel Core i5-2415M,Intel,35.0,2.0,2.3,149.0,17.0,300.0,317.0,260.0,10000.0,10260.0,0.0204,6e-05,0.020460000000000002
Intel Core i5-2430M,Intel,35.0,2.0,2.4,149.0,17.0,300.0,317.0,260.0,10000.0,10260.0,0.0204,6e-05,0.020460000000000002
Intel Core i5-2435M,Intel,35.0,2.0,2.4,149.0,17.0,300.0,317.0,260.0,10000.0,10260.0,0.0204,6e-05,0.020460000000000002
Intel Core i5-2450M,Intel,35.0,2.0,2.5,149.0,17.0,300.0,317.0,260.0,10000.0,10260.0,0.0204,6e-05,0.020460000000000002
Intel Core i5-2450P,Intel,95.0,4.0,3.2,216.0,12.7,900.0,912.7,200.0,30000.0,30200.0,0.0204,0.00016,0.020560000000000002
Intel Core i5-2467M,Intel,17.0,2.0,1.6,149.0,17.0,170.0,187.0,260.0,10000.0,10260.0,0.0204,3e-05,0.02043
Intel Core i5-2550K,Intel,95.0,4.0,3.4,216.0,12.7,900.0,912.7,200.0,30000.0,30200.0,0.0204,0.00016,0.020560000000000002
Intel Core i5-2557M,Intel,17.0,2.0,1.7,149.0,17.0,170.0,187.0,260.0,10000.0,10260.0,0.0204,3e-05,0.02043
Intel Core i5-3210M,Intel,35.0,2.0,2.5,118.0,17.0,300.0,317.0,260.0,10000.0,10260.0,0.0204,6e-05,0.020460000000000002
Intel Core i5-3230M,Intel,35.0,2.0,2.6,118.0,17.0,300.0,317.0,260.0,10000.0,10260.0,0.0204,6e-05,0.020460000000000002
Intel Core i5-3317U,Intel,17.0,2.0,1.7,118.0,17.0,170.0,187.0,260.0,10000.0,10260.0,0.0204,3e-05,0.02043
Intel Core i5-3320M,Intel,35.0,2.0,2.6,118.0,17.0,300.0,317.0,260.0,10000.0,10260.0,0.0204,6e-05,0.020460000000000002
Intel Core i5-3330,Intel,77.0,4.0,3.0,133.0,12.7,800.0,812.7,200.0,30000.0,30200.0,0.0204,0.00013,0.020530000000000003
Intel Core i5-3330S,Intel,77.0,4.0,2.7,133.0,12.7,800.0,812.7,200.0,30000.0,30200.0,0.0204,0.00013,0.020530000000000003
Intel Core i5-3335S,Intel,65.0,4.0,2.7,160.0,12.7,600.0,612.7,200.0,20000.0,20200.0,0.0204,0.00011,0.02051
Intel Core i5-3337U,Intel,17.0,2.0,1.8,118.0,17.0,170.0,187.0,260.0,10000.0,10260.0,0.0204,3e-05,0.02043
Intel Core i5-3339Y,Intel,13.0,2.0,1.5,160.0,17.0,130.0,147.0,260.0,4000.0,4260.0,0.0204,2.2e-05,0.020422000000000003
Intel Core i5-3340M,Intel,35.0,2.0,2.7,118.0,17.0,300.0,317.0,260.0,10000.0,10260.0,0.0204,6e-05,0.020460000000000002
Intel Core i5-3350P,Intel,69.0,4.0,3.1,133.0,12.7,700.0,712.7,200.0,20000.0,20200.0,0.0204,0.00012,0.02052
Intel Core i5-3360M,Intel,35.0,2.0,2.8,118.0,17.0,300.0,317.0,260.0,10000.0,10260.0,0.0204,6e-05,0.020460000000000002
Intel Core i5-3365M,Intel,35.0,2.0,2.8,160.0,17.0,300.0,317.0,260.0,10000.0,10260.0,0.0204,6e-05,0.020460000000000002
Intel Core i5-3380M,Intel,35.0,2.0,2.9,118.0,17.0,300.0,317.0,260.0,10000.0,10260.0,0.0204,6e-05,0.020460000000000002
Intel Core i5-3427U,Intel,17.0,2.0,1.8,118.0,17.0,170.0,187.0,260.0,10000.0,10260.0,0.0204,3e-05,0.02043
Intel Core i5-3437U,Intel,17.0,2.0,1.9,118.0,17.0,170.0,187.0,260.0,10000.0,10260.0,0.0204,3e-05,0.02043
Intel Core i5-3439Y,Intel,13.0,2.0,1.5,160.0,17.0,130.0,147.0,260.0,4000.0,4260.0,0.0204,2.2e-05,0.020422000000000003
Intel Core i5-3470,Intel,77.0,4.0,3.2,160.0,12.7,800.0,812.7,200.0,30000.0,30200.0,0.0204,0.00013,0.020530000000000003
Intel Core i5-3470S,Intel,65.0,4.0,2.9,133.0,12.7,600.0,612.7,200.0,20000.0,20200.0,0.0204,0.00011,0.02051
Intel Core i5-3470T,Intel,35.0,2.0,2.9,558.0,17.0,300.0,317.0,260.0,10000.0,10260.0,0.0204,6e-05,0.020460000000000002
Intel Core i5-3475S,Intel,65.0,4.0,2.9,160.0,12.7,600.0,612.7,200.0,20000.0,20200.0,0.0204,0.00011,0.02051
Intel Core i5-3570,Intel,77.0,4.0,3.4,160.0,12.7,800.0,812.7,200.0,30000.0,30200.0,0.0204,0.00013,0.020530000000000003
Intel Core i5-3570S,Intel,65.0,4.0,3.1,133.0,12.7,600.0,612.7,200.0,20000.0,20200.0,0.0204,0.00011,0.02051
Intel Core i5-3610ME,Intel,35.0,2.0,2.7,118.0,17.0,300.0,317.0,260.0,10000.0,10260.0,0.0204,6e-05,0.020460000000000002
Intel Core i5-4200U,Intel,15.0,2.0,1.6,118.0,17.0,150.0,167.0,260.0,10000.0,10260.0,0.0204,2.5e-05,0.020425000000000002
Intel Core i5-4200Y,Intel,12.0,2.0,1.4,118.0,17.0,120.0,137.0,260.0,4000.0,4260.0,0.0204,2e-05,0.02042
Intel Core i5-4210U,Intel,15.0,2.0,1.7,118.0,17.0,150.0,167.0,260.0,10000.0,10260.0,0.0204,2.5e-05,0.020425000000000002
Intel Core i5-4250U,Intel,15.0,2.0,1.3,118.0,17.0,150.0,167.0,260.0,10000.0,10260.0,0.0204,2.5e-05,0.020425000000000002
Intel Core i5-4258U,Intel,28.0,2.0,2.4,118.0,17.0,280.0,297.0,260.0,10000.0,10260.0,0.0204,5e-05,0.020450000000000003
Intel Core i5-4288U,Intel,28.0,2.0,2.6,118.0,17.0,280.0,297.0,260.0,10000.0,10260.0,0.0204,5e-05,0.020450000000000003
Intel Core i5-4300M,Intel,37.0,2.0,2.6,118.0,17.0,400.0,417.0,260.0,10000.0,10260.0,0.0204,6e-05,0.020460000000000002
Intel Core i5-430M,Intel,35.0,2.0,2.267,81.0,17.0,300.0,317.0,260.0,10000.0,10260.0,0.0204,6e-05,0.020460000000000002
Intel Core i5-4330M,Intel,37.0,2.0,2.8,118.0,17.0,400.0,417.0,260.0,10000.0,10260.0,0.0204,6e-05,0.020460000000000002
Intel Core i5-4350U,Intel,15.0,2.0,1.4,118.0,17.0,150.0,167.0,260.0,10000.0,10260.0,0.0204,2.5e-05,0.020425000000000002
Intel Core i5-4430,Intel,84.0,4.0,3.0,177.0,12.7,800.0,812.7,200.0,30000.0,30200.0,0.0204,0.00014,0.020540000000000003
Intel Core i5-4430S,Intel,65.0,4.0,2.7,177.0,12.7,600.0,612.7,200.0,20000.0,20200.0,0.0204,0.00011,0.02051
Intel Core i5-4440,Intel,84.0,4.0,3.1,177.0,12.7,800.0,812.7,200.0,30000.0,30200.0,0.0204,0.00014,0.020540000000000003
Intel Core i5-4440S,Intel,65.0,4.0,2.8,177.0,12.7,600.0,612.7,200.0,20000.0,20200.0,0.0204,0.00011,0.02051
Intel Core i5-450M,Intel,35.0,2.0,2.4,81.0,17.0,300.0,317.0,260.0,10000.0,10260.0,0.0204,6e-05,0.020460000000000002
Intel Core i5-4570,Intel,84.0,4.0,3.2,177.0,12.7,800.0,812.7,200.0,30000.0,30200.0,0.0204,0.00014,0.020540000000000003
Intel Core i5-4570R,Intel,65.0,4.0,2.7,177.0,12.7,600.0,612.7,200.0,20000.0,20200.0,0.0204,0.00011,0.02051
Intel Core i5-4570S,Intel,65.0,4.0,2.9,177.0,12.7,600.0,612.7,200.0,20000.0,20200.0,0.0204,0.00011,0.02051
Intel Core i5-4570T,Intel,35.0,2.0,2.9,177.0,17.0,300.0,317.0,260.0,10000.0,10260.0,0.0204,6e-05,0.020460000000000002
Intel Core i5-4570TE,Intel,35.0,2.0,2.7,177.0,17.0,300.0,317.0,260.0,10000.0,10260.0,0.0204,6e-05,0.020460000000000002
Intel Core i5-4590,Intel,84.0,4.0,3.3,177.0,12.7,800.0,812.7,200.0,30000.0,30200.0,0.0204,0.00014,0.020540000000000003
Intel Core i5-4590S,Intel,65.0,4.0,2.9,177.0,12.7,600.0,612.7,200.0,20000.0,20200.0,0.0204,0.00011,0.02051
Intel Core i5-460M,Intel,35.0,2.0,2.534,81.0,17.0,300.0,317.0,260.0,10000.0,10260.0,0.0204,6e-05,0.020460000000000002
Intel Core i5-4670,Intel,84.0,4.0,3.4,177.0,12.7,800.0,812.7,200.0,30000.0,30200.0,0.0204,0.00014,0.020540000000000003
Intel Core i5-4670K,Intel,84.0,4.0,3.4,177.0,12.7,800.0,812.7,200.0,30000.0,30200.0,0.0204,0.00014,0.020540000000000003
Intel Core i5-4670R,Intel,65.0,4.0,3.0,177.0,12.7,600.0,612.7,200.0,20000.0,20200.0,0.0204,0.00011,0.02051
Intel Core i5-4670S,Intel,65.0,4.0,3.1,177.0,12.7,600.0,612.7,200.0,20000.0,20200.0,0.0204,0.00011,0.02051
Intel Core i5-4670T,Intel,45.0,4.0,2.3,177.0,12.7,400.0,412.7,200.0,20000.0,20200.0,0.0204,8e-05,0.02048
Intel Core i5-4690,Intel,84.0,4.0,3.4,177.0,12.7,800.0,812.7,200.0,30000.0,30200.0,0.0204,0.00014,0.020540000000000003
Intel Core i5-4690K,Intel,88.0,4.0,3.5,177.0,12.7,900.0,912.7,200.0,30000.0,30200.0,0.0204,0.00015,0.020550000000000002
Intel Core i5-480M,Intel,35.0,2.0,2.667,81.0,17.0,300.0,317.0,260.0,10000.0,10260.0,0.0204,6e-05,0.020460000000000002
Intel Core i5-5200U,Intel,15.0,2.0,2.2,82.0,17.0,150.0,167.0,260.0,10000.0,10260.0,0.0204,2.5e-05,0.020425000000000002
Intel Core i5-5250U,Intel,15.0,2.0,1.6,133.0,17.0,150.0,167.0,260.0,10000.0,10260.0,0.0204,2.5e-05,0.020425000000000002
Intel Core i5-5257U,Intel,28.0,2.0,2.7,133.0,17.0,280.0,297.0,260.0,10000.0,10260.0,0.0204,5e-05,0.020450000000000003
Intel Core i5-5287U,Intel,28.0,2.0,2.9,133.0,17.0,280.0,297.0,260.0,10000.0,10260.0,0.0204,5e-05,0.020450000000000003
Intel Core i5-5300U,Intel,15.0,2.0,2.3,82.0,17.0,150.0,167.0,260.0,10000.0,10260.0,0.0204,2.5e-05,0.020425000000000002
Intel Core i5-5350H,Intel,47.0,2.0,3.1,182.0,17.0,500.0,517.0,260.0,20000.0,20260.0,0.0204,8e-05,0.02048
Intel Core i5-5350U,Intel,15.0,2.0,1.8,133.0,17.0,150.0,167.0,260.0,10000.0,10260.0,0.0204,2.5e-05,0.020425000000000002
Intel Core i5-540M,Intel,35.0,2.0,2.533,81.0,17.0,300.0,317.0,260.0,10000.0,10260.0,0.0204,6e-05,0.020460000000000002
Intel Core i5-5575R,Intel,65.0,4.0,2.8,182.0,12.7,600.0,612.7,200.0,20000.0,20200.0,0.0204,0.00011,0.02051
Intel Core i5-560M,Intel,35.0,2.0,2.667,81.0,17.0,300.0,317.0,260.0,10000.0,10260.0,0.0204,6e-05,0.020460000000000002
Intel Core i5-5675C,Intel,65.0,4.0,3.1,182.0,12.7,600.0,612.7,200.0,20000.0,20200.0,0.0204,0.00011,0.02051
Intel Core i5-5675R,Intel,65.0,4.0,3.1,182.0,12.7,600.0,612.7,200.0,20000.0,20200.0,0.0204,0.00011,0.02051
Intel Core i5-580M,Intel,35.0,2.0,2.667,81.0,17.0,300.0,317.0,260.0,10000.0,10260.0,0.0204,6e-05,0.020460000000000002
Intel Core i5-6400,Intel,65.0,4.0,2.7,177.0,12.7,600.0,612.7,200.0,20000.0,20200.0,0.0204,0.00011,0.02051
Intel Core i5-650,Intel,73.0,2.0,3.2,81.0,17.0,700.0,717.0,260.0,20000.0,20260.0,0.0204,0.00012,0.02052
Intel Core i5-6500,Intel,65.0,4.0,3.2,177.0,12.7,600.0,612.7,200.0,20000.0,20200.0,0.0204,0.00011,0.02051
Intel Core i5-655K,Intel,73.0,2.0,3.2,81.0,17.0,700.0,717.0,260.0,20000.0,20260.0,0.0204,0.00012,0.02052
Intel Core i5-660,Intel,73.0,2.0,3.333,81.0,17.0,700.0,717.0,260.0,20000.0,20260.0,0.0204,0.00012,0.02052
Intel Core i5-6600,Intel,65.0,4.0,3.3,177.0,12.7,600.0,612.7,200.0,20000.0,20200.0,0.0204,0.00011,0.02051
Intel Core i5-661,Intel,87.0,2.0,3.333,81.0,17.0,900.0,917.0,260.0,30000.0,30260.0,0.0204,0.00015,0.020550000000000002
Intel Core i5-670,Intel,73.0,2.0,3.466,81.0,17.0,700.0,717.0,260.0,20000.0,20260.0,0.0204,0.00012,0.02052
Intel Core i5-680,Intel,73.0,2.0,3.6,81.0,17.0,700.0,717.0,260.0,20000.0,20260.0,0.0204,0.00012,0.02052
Intel Core i5-7300HQ,Intel,45.0,4.0,2.5,126.0,12.7,400.0,412.7,200.0,20000.0,20200.0,0.0204,8e-05,0.02048
Intel Core i5-7440HQ,Intel,45.0,4.0,2.8,126.0,12.7,400.0,412.7,200.0,20000.0,20200.0,0.0204,8e-05,0.02048
Intel Core i5-750,Intel,95.0,4.0,2.666,296.0,12.7,900.0,912.7,200.0,30000.0,30200.0,0.0204,0.00016,0.020560000000000002
Intel Core i5-750s,Intel,82.0,4.0,2.4,296.0,12.7,800.0,812.7,200.0,30000.0,30200.0,0.0204,0.00014,0.020540000000000003
Intel Core i5-760,Intel,95.0,4.0,2.8,296.0,12.7,900.0,912.7,200.0,30000.0,30200.0,0.0204,0.00016,0.020560000000000002
Intel Core i5-8250U,Intel,15.0,4.0,1.6,123.0,12.7,150.0,162.7,200.0,10000.0,10200.0,0.0204,2.5e-05,0.020425000000000002
Intel Core i5-8259U,Intel,28.0,4.0,2.3,123.0,12.7,280.0,292.7,200.0,10000.0,10200.0,0.0204,5e-05,0.020450000000000003
Intel Core i5-8265U,Intel,28.0,4.0,1.6,123.0,12.7,280.0,292.7,200.0,10000.0,10200.0,0.0204,5e-05,0.020450000000000003
Intel Core i5-8269U,Intel,28.0,4.0,2.6,123.0,12.7,280.0,292.7,200.0,10000.0,10200.0,0.0204,5e-05,0.020450000000000003
Intel Core i5-8300H,Intel,45.0,4.0,2.3,126.0,12.7,400.0,412.7,200.0,20000.0,20200.0,0.0204,8e-05,0.02048
Intel Core i5-8350U,Intel,15.0,4.0,1.7,123.0,12.7,150.0,162.7,200.0,10000.0,10200.0,0.0204,2.5e-05,0.020425000000000002
Intel Core i5-8400H,Intel,45.0,4.0,2.5,126.0,12.7,400.0,412.7,200.0,20000.0,20200.0,0.0204,8e-05,0.02048
Intel Core i5-8500B,Intel,65.0,6.0,3.0,154.0,13.0,600.0,613.0,210.0,20000.0,20210.0,0.0204,0.00011,0.02051
Intel Core i7-1060G7,Intel,9.0,4.0,1.0,123.0,12.7,90.0,102.7,200.0,3000.0,3200.0,0.0204,1.5e-05,0.020415000000000003
Intel Core i7-1065G7,Intel,15.0,4.0,1.3,123.0,12.7,150.0,162.7,200.0,10000.0,10200.0,0.0204,2.5e-05,0.020425000000000002
Intel Core i7-1068NG7,Intel,28.0,4.0,2.3,123.0,12.7,280.0,292.7,200.0,10000.0,10200.0,0.0204,5e-05,0.020450000000000003
Intel Core i7-10875H,Intel,45.0,8.0,2.3,885.0,16.0,400.0,416.0,240.0,20000.0,20240.0,0.0204,8e-05,0.02048
Intel Core i7-11370H,Intel,28.0,4.0,3.0,146.0,12.7,280.0,292.7,200.0,10000.0,10200.0,0.0204,5e-05,0.020450000000000003
Intel Core i7-11375H,Intel,28.0,4.0,3.0,146.0,12.7,280.0,292.7,200.0,10000.0,10200.0,0.0204,5e-05,0.020450000000000003
Intel Core i7-11390H,Intel,28.0,4.0,2.9,146.0,12.7,280.0,292.7,200.0,10000.0,10200.0,0.0204,5e-05,0.020450000000000003
Intel Core i7-11600H,Intel,35.0,6.0,2.5,190.0,13.0,300.0,313.0,210.0,10000.0,10210.0,0.0204,6e-05,0.020460000000000002
Intel Core i7-11700,Intel,65.0,8.0,2.5,276.0,16.0,600.0,616.0,240.0,20000.0,20240.0,0.0204,0.00011,0.02051
Intel Core i7-11700F,Intel,65.0,8.0,2.5,276.0,16.0,600.0,616.0,240.0,20000.0,20240.0,0.0204,0.00011,0.02051
Intel Core i7-11700KF,Intel,125.0,8.0,3.6,276.0,16.0,1200.0,1216.0,240.0,40000.0,40240.0,0.0204,0.00021,0.02061
Intel Core i7-11700T,Intel,35.0,8.0,1.4,276.0,16.0,300.0,316.0,240.0,10000.0,10240.0,0.0204,6e-05,0.020460000000000002
Intel Core i7-11800H,Intel,35.0,8.0,1.9,190.0,16.0,300.0,316.0,240.0,10000.0,10240.0,0.0204,6e-05,0.020460000000000002
Intel Core i7-11850H,Intel,35.0,8.0,2.1,190.0,16.0,300.0,316.0,240.0,10000.0,10240.0,0.0204,6e-05,0.020460000000000002
Intel Core i7-1195G7,Intel,28.0,4.0,2.9,146.0,12.7,280.0,292.7,200.0,10000.0,10200.0,0.0204,5e-05,0.020450000000000003
Intel Core i7-1260P,Intel,28.0,12.0,2.1,217.0,17.0,280.0,297.0,270.0,10000.0,10270.0,0.0204,5e-05,0.020450000000000003
Intel Core i7-12650H,Intel,45.0,10.0,2.3,217.0,17.0,400.0,417.0,260.0,20000.0,20260.0,0.0204,8e-05,0.02048
Intel Core i7-12650HX,Intel,55.0,14.0,2.0,215.0,14.4,500.0,514.4,227.0,20000.0,20227.0,0.0204,9e-05,0.02049
Intel Core i7-12700,Intel,65.0,12.0,2.1,215.0,17.0,600.0,617.0,270.0,20000.0,20270.0,0.0204,0.00011,0.02051
Intel Core i7-12700E,Intel,65.0,12.0,2.1,215.0,17.0,600.0,617.0,270.0,20000.0,20270.0,0.0204,0.00011,0.02051
Intel Core i7-12700F,Intel,65.0,12.0,2.1,215.0,17.0,600.0,617.0,270.0,20000.0,20270.0,0.0204,0.00011,0.02051
Intel Core i7-12700H,Intel,45.0,14.0,2.3,217.0,14.4,400.0,414.4,227.0,20000.0,20227.0,0.0204,8e-05,0.02048
Intel Core i7-12700K,Intel,125.0,12.0,3.6,215.0,17.0,1200.0,1217.0,270.0,40000.0,40270.0,0.0204,0.00021,0.02061
Intel Core i7-12700KF,Intel,125.0,12.0,3.6,215.0,17.0,1200.0,1217.0,270.0,40000.0,40270.0,0.0204,0.00021,0.02061
Intel Core i7-12700T,Intel,35.0,12.0,1.4,215.0,17.0,300.0,317.0,270.0,10000.0,10270.0,0.0204,6e-05,0.020460000000000002
Intel Core i7-12700TE,Intel,35.0,12.0,1.4,215.0,17.0,300.0,317.0,270.0,10000.0,10270.0,0.0204,6e-05,0.020460000000000002
Intel Core i7-1270P,Intel,28.0,12.0,2.2,217.0,17.0,280.0,297.0,270.0,10000.0,10270.0,0.0204,5e-05,0.020450000000000003
Intel Core i7-12800H,Intel,45.0,14.0,2.4,217.0,14.4,400.0,414.4,227.0,20000.0,20227.0,0.0204,8e-05,0.02048
Intel Core i7-12800HE,Intel,45.0,14.0,2.4,217.0,14.4,400.0,414.4,227.0,20000.0,20227.0,0.0204,8e-05,0.02048
Intel Core i7-12800HX,Intel,55.0,16.0,2.0,215.0,21.0,500.0,521.0,320.0,20000.0,20320.0,0.0204,9e-05,0.02049
Intel Core i7-1280P,Intel,28.0,14.0,1.8,217.0,14.4,280.0,294.4,227.0,10000.0,10227.0,0.0204,5e-05,0.020450000000000003
Intel Core i7-12850HX,Intel,55.0,16.0,2.1,215.0,21.0,500.0,521.0,320.0,20000.0,20320.0,0.0204,9e-05,0.02049
Intel Core i7-13650HX,Intel,55.0,14.0,2.6,257.0,14.4,500.0,514.4,227.0,20000.0,20227.0,0.0204,9e-05,0.02049
Intel Core i7-13700,Intel,65.0,16.0,2.1,257.0,21.0,600.0,621.0,320.0,20000.0,20320.0,0.0204,0.00011,0.02051
Intel Core i7-13700E,Intel,65.0,16.0,1.9,257.0,21.0,600.0,621.0,320.0,20000.0,20320.0,0.0204,0.00011,0.02051
Intel Core i7-13700F,Intel,65.0,16.0,2.1,257.0,21.0,600.0,621.0,320.0,20000.0,20320.0,0.0204,0.00011,0.02051
Intel Core i7-13700HX,Intel,55.0,16.0,2.1,257.0,21.0,500.0,521.0,320.0,20000.0,20320.0,0.0204,9e-05,0.02049
Intel Core i7-13700K,Intel,125.0,16.0,3.4,257.0,21.0,1200.0,1221.0,320.0,40000.0,40320.0,0.0204,0.00021,0.02061
Intel Core i7-13700KF,Intel,125.0,16.0,3.4,257.0,21.0,1200.0,1221.0,320.0,40000.0,40320.0,0.0204,0.00021,0.02061
Intel Core i7-13700T,Intel,35.0,16.0,1.4,257.0,21.0,300.0,321.0,320.0,10000.0,10320.0,0.0204,6e-05,0.020460000000000002
Intel Core i7-13700TE,Intel,35.0,16.0,1.1,257.0,21.0,300.0,321.0,320.0,10000.0,10320.0,0.0204,6e-05,0.020460000000000002
Intel Core i7-13705H,Intel,45.0,14.0,2.4,257.0,14.4,400.0,414.4,227.0,20000.0,20227.0,0.0204,8e-05,0.02048
Intel Core i7-1370P,Intel,28.0,14.0,1.9,217.0,14.4,280.0,294.4,227.0,10000.0,10227.0,0.0204,5e-05,0.020450000000000003
Intel Core i7-13790F,Intel,65.0,16.0,2.1,257.0,21.0,600.0,621.0,320.0,20000.0,20320.0,0.0204,0.00011,0.02051
Intel Core i7-13800H,Intel,45.0,14.0,2.5,257.0,14.4,400.0,414.4,227.0,20000.0,20227.0,0.0204,8e-05,0.02048
Intel Core i7-2670QM,Intel,45.0,4.0,2.2,216.0,12.7,400.0,412.7,200.0,20000.0,20200.0,0.0204,8e-05,0.02048
Intel Core i7-2675QM,Intel,45.0,4.0,2.2,216.0,12.7,400.0,412.7,200.0,20000.0,20200.0,0.0204,8e-05,0.02048
Intel Core i7-2700K,Intel,95.0,4.0,3.5,216.0,12.7,900.0,912.7,200.0,30000.0,30200.0,0.0204,0.00016,0.020560000000000002
Intel Core i7-2760QM,Intel,45.0,4.0,2.4,216.0,12.7,400.0,412.7,200.0,20000.0,20200.0,0.0204,8e-05,0.02048
Intel Core i7-2860QM,Intel,45.0,4.0,2.5,216.0,12.7,400.0,412.7,200.0,20000.0,20200.0,0.0204,8e-05,0.02048
Intel Core i7-2960XM,Intel,55.0,4.0,2.7,216.0,12.7,500.0,512.7,200.0,20000.0,20200.0,0.0204,9e-05,0.02049
Intel Core i7-3517U,Intel,17.0,2.0,1.9,118.0,17.0,170.0,187.0,260.0,10000.0,10260.0,0.0204,3e-05,0.02043
Intel Core i7-3517UE,Intel,17.0,2.0,1.7,118.0,17.0,170.0,187.0,260.0,10000.0,10260.0,0.0204,3e-05,0.02043
Intel Core i7-3520M,Intel,35.0,2.0,2.9,118.0,17.0,300.0,317.0,260.0,10000.0,10260.0,0.0204,6e-05,0.020460000000000002
Intel Core i7-3525M,Intel,35.0,2.0,2.9,160.0,17.0,300.0,317.0,260.0,10000.0,10260.0,0.0204,6e-05,0.020460000000000002
Intel Core i7-3537U,Intel,17.0,2.0,2.0,118.0,17.0,170.0,187.0,260.0,10000.0,10260.0,0.0204,3e-05,0.02043
Intel Core i7-3540M,Intel,35.0,2.0,3.0,118.0,17.0,300.0,317.0,260.0,10000.0,10260.0,0.0204,6e-05,0.020460000000000002
Intel Core i7-3555LE,Intel,25.0,2.0,2.5,118.0,17.0,250.0,267.0,260.0,10000.0,10260.0,0.0204,4e-05,0.02044
Intel Core i7-3630QM,Intel,45.0,4.0,2.4,160.0,12.7,400.0,412.7,200.0,20000.0,20200.0,0.0204,8e-05,0.02048
Intel Core i7-3632QM,Intel,35.0,4.0,2.2,160.0,12.7,300.0,312.7,200.0,10000.0,10200.0,0.0204,6e-05,0.020460000000000002
Intel Core i7-3635QM,Intel,45.0,4.0,2.4,160.0,12.7,400.0,412.7,200.0,20000.0,20200.0,0.0204,8e-05,0.02048
Intel Core i7-3667U,Intel,17.0,2.0,2.0,118.0,17.0,170.0,187.0,260.0,10000.0,10260.0,0.0204,3e-05,0.02043
Intel Core i7-3687U,Intel,17.0,2.0,2.1,118.0,17.0,170.0,187.0,260.0,10000.0,10260.0,0.0204,3e-05,0.02043
Intel Core i7-3689Y,Intel,13.0,2.0,1.5,118.0,17.0,130.0,147.0,260.0,4000.0,4260.0,0.0204,2.2e-05,0.020422000000000003
Intel Core i7-3740QM,Intel,45.0,4.0,2.7,160.0,12.7,400.0,412.7,200.0,20000.0,20200.0,0.0204,8e-05,0.02048
Intel Core i7-3820,Intel,130.0,4.0,3.6,294.0,12.7,1300.0,1312.7,200.0,40000.0,40200.0,0.0204,0.00022,0.020620000000000003
Intel Core i7-3840QM,Intel,45.0,4.0,2.8,160.0,12.7,400.0,412.7,200.0,20000.0,20200.0,0.0204,8e-05,0.02048
Intel Core i7-3910K,Intel,130.0,6.0,3.0,435.0,13.0,1300.0,1313.0,210.0,40000.0,40210.0,0.0204,0.00022,0.020620000000000003
Intel Core i7-3930K,Intel,130.0,6.0,3.2,435.0,13.0,1300.0,1313.0,210.0,40000.0,40210.0,0.0204,0.00022,0.020620000000000003
Intel Core i7-3940XM,Intel,55.0,4.0,3.0,160.0,12.7,500.0,512.7,200.0,20000.0,20200.0,0.0204,9e-05,0.02049
Intel Core i7-3960X,Intel,130.0,6.0,3.3,435.0,13.0,1300.0,1313.0,210.0,40000.0,40210.0,0.0204,0.00022,0.020620000000000003
Intel Core i7-3970X,Intel,150.0,6.0,3.5,435.0,13.0,1500.0,1513.0,210.0,100000.0,100210.0,0.0204,0.00025,0.02065
Intel Core i7-4500U,Intel,15.0,2.0,1.8,118.0,17.0,150.0,167.0,260.0,10000.0,10260.0,0.0204,2.5e-05,0.020425000000000002
Intel Core i7-4550U,Intel,15.0,2.0,1.5,118.0,17.0,150.0,167.0,260.0,10000.0,10260.0,0.0204,2.5e-05,0.020425000000000002
Intel Core i7-4558U,Intel,28.0,2.0,2.8,118.0,17.0,280.0,297.0,260.0,10000.0,10260.0,0.0204,5e-05,0.020450000000000003
Intel Core i7-4600M,Intel,37.0,2.0,2.9,131.0,17.0,400.0,417.0,260.0,10000.0,10260.0,0.0204,6e-05,0.020460000000000002
Intel Core i7-4600U,Intel,15.0,2.0,2.1,118.0,17.0,150.0,167.0,260.0,10000.0,10260.0,0.0204,2.5e-05,0.020425000000000002
Intel Core i7-4610M,Intel,37.0,2.0,3.0,131.0,17.0,400.0,417.0,260.0,10000.0,10260.0,0.0204,6e-05,0.020460000000000002
Intel Core i7-4650U,Intel,15.0,2.0,1.7,118.0,17.0,150.0,167.0,260.0,10000.0,10260.0,0.0204,2.5e-05,0.020425000000000002
Intel Core i7-4700EQ,Intel,47.0,4.0,2.4,177.0,12.7,500.0,512.7,200.0,20000.0,20200.0,0.0204,8e-05,0.02048
Intel Core i7-4700HQ,Intel,47.0,4.0,2.4,264.0,12.7,500.0,512.7,200.0,20000.0,20200.0,0.0204,8e-05,0.02048
Intel Core i7-4700MQ,Intel,47.0,4.0,2.4,177.0,12.7,500.0,512.7,200.0,20000.0,20200.0,0.0204,8e-05,0.02048
Intel Core i7-4702HQ,Intel,37.0,4.0,2.2,264.0,12.7,400.0,412.7,200.0,10000.0,10200.0,0.0204,6e-05,0.020460000000000002
Intel Core i7-4702MQ,Intel,37.0,4.0,2.2,177.0,12.7,400.0,412.7,200.0,10000.0,10200.0,0.0204,6e-05,0.020460000000000002
Intel Core i7-4710HQ,Intel,47.0,4.0,2.5,264.0,12.7,500.0,512.7,200.0,20000.0,20200.0,0.0204,8e-05,0.02048
Intel Core i7-4712HQ,Intel,37.0,4.0,2.3,177.0,12.7,400.0,412.7,200.0,10000.0,10200.0,0.0204,6e-05,0.020460000000000002
Intel Core i7-4750HQ,Intel,47.0,4.0,2.0,264.0,12.7,500.0,512.7,200.0,20000.0,20200.0,0.0204,8e-05,0.02048
Intel Core i7-4760HQ,Intel,47.0,4.0,2.1,264.0,12.7,500.0,512.7,200.0,20000.0,20200.0,0.0204,8e-05,0.02048
Intel Core i7-4765T,Intel,35.0,4.0,2.0,177.0,12.7,300.0,312.7,200.0,10000.0,10200.0,0.0204,6e-05,0.020460000000000002
Intel Core i7-4770,Intel,84.0,4.0,3.4,177.0,12.7,800.0,812.7,200.0,30000.0,30200.0,0.0204,0.00014,0.020540000000000003
Intel Core i7-4770HQ,Intel,47.0,4.0,2.2,264.0,12.7,500.0,512.7,200.0,20000.0,20200.0,0.0204,8e-05,0.02048
Intel Core i7-4770K,Intel,84.0,4.0,3.5,177.0,12.7,800.0,812.7,200.0,30000.0,30200.0,0.0204,0.00014,0.020540000000000003
Intel Core i7-4770R,Intel,65.0,4.0,3.2,260.0,12.7,600.0,612.7,200.0,20000.0,20200.0,0.0204,0.00011,0.02051
Intel Core i7-4770S,Intel,65.0,4.0,3.1,177.0,12.7,600.0,612.7,200.0,20000.0,20200.0,0.0204,0.00011,0.02051
Intel Core i7-4770T,Intel,45.0,4.0,2.5,177.0,12.7,400.0,412.7,200.0,20000.0,20200.0,0.0204,8e-05,0.02048
Intel Core i7-4770TE,Intel,45.0,4.0,2.3,177.0,12.7,400.0,412.7,200.0,20000.0,20200.0,0.0204,8e-05,0.02048
Intel Core i7-4771,Intel,84.0,4.0,3.5,177.0,12.7,800.0,812.7,200.0,30000.0,30200.0,0.0204,0.00014,0.020540000000000003
Intel Core i7-4785T,Intel,35.0,4.0,2.2,177.0,12.7,300.0,312.7,200.0,10000.0,10200.0,0.0204,6e-05,0.020460000000000002
Intel Core i7-4790,Intel,84.0,4.0,3.6,177.0,12.7,800.0,812.7,200.0,30000.0,30200.0,0.0204,0.00014,0.020540000000000003
Intel Core i7-4790K,Intel,88.0,4.0,4.0,177.0,12.7,900.0,912.7,200.0,30000.0,30200.0,0.0204,0.00015,0.020550000000000002
Intel Core i7-4790S,Intel,65.0,4.0,3.2,177.0,12.7,600.0,612.7,200.0,20000.0,20200.0,0.0204,0.00011,0.02051
Intel Core i7-4800MQ,Intel,47.0,4.0,2.7,177.0,12.7,500.0,512.7,200.0,20000.0,20200.0,0.0204,8e-05,0.02048
Intel Core i7-4810MQ,Intel,47.0,4.0,2.8,177.0,12.7,500.0,512.7,200.0,20000.0,20200.0,0.0204,8e-05,0.02048
Intel Core i7-4820K,Intel,130.0,4.0,3.7,257.0,12.7,1300.0,1312.7,200.0,40000.0,40200.0,0.0204,0.00022,0.020620000000000003
Intel Core i7-4850EQ,Intel,47.0,4.0,1.6,264.0,12.7,500.0,512.7,200.0,20000.0,20200.0,0.0204,8e-05,0.02048
Intel Core i7-4850HQ,Intel,47.0,4.0,2.3,264.0,12.7,500.0,512.7,200.0,20000.0,20200.0,0.0204,8e-05,0.02048
Intel Core i7-4860EQ,Intel,47.0,4.0,1.8,264.0,12.7,500.0,512.7,200.0,20000.0,20200.0,0.0204,8e-05,0.02048
Intel Core i7-4860HQ,Intel,47.0,4.0,2.4,264.0,12.7,500.0,512.7,200.0,20000.0,20200.0,0.0204,8e-05,0.02048
Intel Core i7-4870HQ,Intel,47.0,4.0,2.5,264.0,12.7,500.0,512.7,200.0,20000.0,20200.0,0.0204,8e-05,0.02048
Intel Core i7-4900MQ,Intel,47.0,4.0,2.8,177.0,12.7,500.0,512.7,200.0,20000.0,20200.0,0.0204,8e-05,0.02048
Intel Core i7-4910MQ,Intel,47.0,4.0,2.9,177.0,12.7,500.0,512.7,200.0,20000.0,20200.0,0.0204,8e-05,0.02048
Intel Core i7-4930K,Intel,130.0,6.0,3.4,257.0,13.0,1300.0,1313.0,210.0,40000.0,40210.0,0.0204,0.00022,0.020620000000000003
Intel Core i7-4930MX,Intel,57.0,4.0,3.0,177.0,12.7,600.0,612.7,200.0,20000.0,20200.0,0.0204,0.0001,0.0205
Intel Core i7-4940MX,Intel,57.0,4.0,3.1,177.0,12.7,600.0,612.7,200.0,20000.0,20200.0,0.0204,0.0001,0.0205
Intel Core i7-4950HQ,Intel,47.0,4.0,2.4,264.0,12.7,500.0,512.7,200.0,20000.0,20200.0,0.0204,8e-05,0.02048
Intel Core i7-4960HQ,Intel,47.0,4.0,2.6,264.0,12.7,500.0,512.7,200.0,20000.0,20200.0,0.0204,8e-05,0.02048
Intel Core i7-4960X,Intel,130.0,6.0,3.6,257.0,13.0,1300.0,1313.0,210.0,40000.0,40210.0,0.0204,0.00022,0.020620000000000003
Intel Core i7-4980HQ,Intel,47.0,4.0,2.8,264.0,12.7,500.0,512.7,200.0,20000.0,20200.0,0.0204,8e-05,0.02048
Intel Core i7-5500U,Intel,15.0,2.0,2.4,82.0,17.0,150.0,167.0,260.0,10000.0,10260.0,0.0204,2.5e-05,0.020425000000000002
Intel Core i7-5550U,Intel,15.0,2.0,2.0,133.0,17.0,150.0,167.0,260.0,10000.0,10260.0,0.0204,2.5e-05,0.020425000000000002
Intel Core i7-5557U,Intel,28.0,2.0,3.1,133.0,17.0,280.0,297.0,260.0,10000.0,10260.0,0.0204,5e-05,0.020450000000000003
Intel Core i7-5600U,Intel,15.0,2.0,2.6,82.0,17.0,150.0,167.0,260.0,10000.0,10260.0,0.0204,2.5e-05,0.020425000000000002
Intel Core i7-5650U,Intel,15.0,2.0,2.2,133.0,17.0,150.0,167.0,260.0,10000.0,10260.0,0.0204,2.5e-05,0.020425000000000002
Intel Core i7-5700HQ,Intel,47.0,4.0,2.7,182.0,12.7,500.0,512.7,200.0,20000.0,20200.0,0.0204,8e-05,0.02048
Intel Core i7-5750HQ,Intel,47.0,4.0,2.5,182.0,12.7,500.0,512.7,200.0,20000.0,20200.0,0.0204,8e-05,0.02048
Intel Core i7-5775C,Intel,65.0,4.0,3.3,182.0,12.7,600.0,612.7,200.0,20000.0,20200.0,0.0204,0.00011,0.02051
Intel Core i7-5775R,Intel,65.0,4.0,3.3,182.0,12.7,600.0,612.7,200.0,20000.0,20200.0,0.0204,0.00011,0.02051
Intel Core i7-5820K,Intel,140.0,6.0,3.3,356.0,13.0,1400.0,1413.0,210.0,50000.0,50210.0,0.0204,0.00024,0.020640000000000002
Intel Core i7-5850HQ,Intel,47.0,4.0,2.7,182.0,12.7,500.0,512.7,200.0,20000.0,20200.0,0.0204,8e-05,0.02048
Intel Core i7-5930K,Intel,140.0,6.0,3.5,356.0,13.0,1400.0,1413.0,210.0,50000.0,50210.0,0.0204,0.00024,0.020640000000000002
Intel Core i7-5950HQ,Intel,47.0,4.0,2.9,182.0,12.7,500.0,512.7,200.0,20000.0,20200.0,0.0204,8e-05,0.02048
Intel Core i7-5960X,Intel,140.0,8.0,3.0,356.0,16.0,1400.0,1416.0,240.0,50000.0,50240.0,0.0204,0.00024,0.020640000000000002
Intel Core i7-620M,Intel,35.0,2.0,2.677,81.0,17.0,300.0,317.0,260.0,10000.0,10260.0,0.0204,6e-05,0.020460000000000002
Intel Core i7-640M,Intel,35.0,2.0,2.8,81.0,17.0,300.0,317.0,260.0,10000.0,10260.0,0.0204,6e-05,0.020460000000000002
Intel Core i7-6800K,Intel,140.0,6.0,3.4,246.0,13.0,1400.0,1413.0,210.0,50000.0,50210.0,0.0204,0.00024,0.020640000000000002
Intel Core i7-6850K,Intel,140.0,6.0,3.6,246.0,13.0,1400.0,1413.0,210.0,50000.0,50210.0,0.0204,0.00024,0.020640000000000002
Intel Core i7-6900K,Intel,140.0,8.0,3.2,246.0,16.0,1400.0,1416.0,240.0,50000.0,50240.0,0.0204,0.00024,0.020640000000000002
Intel Core i7-6950X,Intel,140.0,10.0,3.0,246.0,17.0,1400.0,1417.0,260.0,50000.0,50260.0,0.0204,0.00024,0.020640000000000002
Intel Core i7-7700HQ,Intel,45.0,4.0,2.8,126.0,12.7,400.0,412.7,200.0,20000.0,20200.0,0.0204,8e-05,0.02048
Intel Core i7-7820HK,Intel,45.0,4.0,2.9,126.0,12.7,400.0,412.7,200.0,20000.0,20200.0,0.0204,8e-05,0.02048
Intel Core i7-7820HQ,Intel,45.0,4.0,2.9,126.0,12.7,400.0,412.7,200.0,20000.0,20200.0,0.0204,8e-05,0.02048
Intel Core i7-7920HQ,Intel,45.0,4.0,3.1,126.0,12.7,400.0,412.7,200.0,20000.0,20200.0,0.0204,8e-05,0.02048
Intel Core i7-8550U,Intel,15.0,4.0,1.8,123.0,12.7,150.0,162.7,200.0,10000.0,10200.0,0.0204,2.5e-05,0.020425000000000002
Intel Core i7-8559U,Intel,28.0,4.0,2.7,123.0,12.7,280.0,292.7,200.0,10000.0,10200.0,0.0204,5e-05,0.020450000000000003
Intel Core i7-8565U,Intel,28.0,4.0,1.8,123.0,12.7,280.0,292.7,200.0,10000.0,10200.0,0.0204,5e-05,0.020450000000000003
Intel Core i7-860,Intel,95.0,4.0,2.8,296.0,12.7,900.0,912.7,200.0,30000.0,30200.0,0.0204,0.00016,0.020560000000000002
Intel Core i7-860S,Intel,82.0,4.0,2.533,296.0,12.7,800.0,812.7,200.0,30000.0,30200.0,0.0204,0.00014,0.020540000000000003
Intel Core i7-8650U,Intel,15.0,4.0,1.9,123.0,12.7,150.0,162.7,200.0,10000.0,10200.0,0.0204,2.5e-05,0.020425000000000002
Intel Core i7-870,Intel,95.0,4.0,2.933,296.0,12.7,900.0,912.7,200.0,30000.0,30200.0,0.0204,0.00016,0.020560000000000002
Intel Core i7-8700,Intel,65.0,6.0,3.2,154.0,13.0,600.0,613.0,210.0,20000.0,20210.0,0.0204,0.00011,0.02051
Intel Core i7-8700B,Intel,65.0,6.0,3.2,154.0,13.0,600.0,613.0,210.0,20000.0,20210.0,0.0204,0.00011,0.02051
Intel Core i7-8700K,Intel,95.0,6.0,3.7,154.0,13.0,900.0,913.0,210.0,30000.0,30210.0,0.0204,0.00016,0.020560000000000002
Intel Core i7-8700T,Intel,35.0,6.0,2.4,154.0,13.0,300.0,313.0,210.0,10000.0,10210.0,0.0204,6e-05,0.020460000000000002
Intel Core i7-8705G,Intel,65.0,4.0,3.1,125.0,12.7,600.0,612.7,200.0,20000.0,20200.0,0.0204,0.00011,0.02051
Intel Core i7-870S,Intel,82.0,4.0,2.666,296.0,12.7,800.0,812.7,200.0,30000.0,30200.0,0.0204,0.00014,0.020540000000000003
Intel Core i7-8750H,Intel,45.0,6.0,2.2,149.0,13.0,400.0,413.0,210.0,20000.0,20210.0,0.0204,8e-05,0.02048
Intel Core i7-875K,Intel,95.0,4.0,2.933,296.0,12.7,900.0,912.7,200.0,30000.0,30200.0,0.0204,0.00016,0.020560000000000002
Intel Core i7-880,Intel,95.0,4.0,3.066,296.0,12.7,900.0,912.7,200.0,30000.0,30200.0,0.0204,0.00016,0.020560000000000002
Intel Core i7-8850H,Intel,45.0,6.0,2.7,149.0,13.0,400.0,413.0,210.0,20000.0,20210.0,0.0204,8e-05,0.02048
Intel Core i7-920,Intel,130.0,4.0,2.666,263.0,12.7,1300.0,1312.7,200.0,40000.0,40200.0,0.0204,0.00022,0.020620000000000003
Intel Core i7-930,Intel,130.0,4.0,2.8,263.0,12.7,1300.0,1312.7,200.0,40000.0,40200.0,0.0204,0.00022,0.020620000000000003
Intel Core i7-940,Intel,130.0,4.0,2.933,263.0,12.7,1300.0,1312.7,200.0,40000.0,40200.0,0.0204,0.00022,0.020620000000000003
Intel Core i7-950,Intel,130.0,4.0,3.066,263.0,12.7,1300.0,1312.7,200.0,40000.0,40200.0,0.0204,0.00022,0.020620000000000003
Intel Core i7-960,Intel,130.0,4.0,3.2,263.0,12.7,1300.0,1312.7,200.0,40000.0,40200.0,0.0204,0.00022,0.020620000000000003
Intel Core i7-965,Intel,130.0,4.0,3.2,263.0,12.7,1300.0,1312.7,200.0,40000.0,40200.0,0.0204,0.00022,0.020620000000000003
Intel Core i7-970,Intel,130.0,6.0,3.2,239.0,13.0,1300.0,1313.0,210.0,40000.0,40210.0,0.0204,0.00022,0.020620000000000003
Intel Core i7-9700,Intel,65.0,8.0,3.0,540.0,16.0,600.0,616.0,240.0,20000.0,20240.0,0.0204,0.00011,0.02051
Intel Core i7-9700E,Intel,65.0,8.0,2.6,540.0,16.0,600.0,616.0,240.0,20000.0,20240.0,0.0204,0.00011,0.02051
Intel Core i7-9700F,Intel,65.0,8.0,3.0,540.0,16.0,600.0,616.0,240.0,20000.0,20240.0,0.0204,0.00011,0.02051
Intel Core i7-9700K,Intel,95.0,8.0,3.6,540.0,16.0,900.0,916.0,240.0,30000.0,30240.0,0.0204,0.00016,0.020560000000000002
Intel Core i7-9700KF,Intel,95.0,8.0,3.6,540.0,16.0,900.0,916.0,240.0,30000.0,30240.0,0.0204,0.00016,0.020560000000000002
Intel Core i7-9700T,Intel,35.0,8.0,2.0,540.0,16.0,300.0,316.0,240.0,10000.0,10240.0,0.0204,6e-05,0.020460000000000002
Intel Core i7-975,Intel,130.0,4.0,3.333,263.0,12.7,1300.0,1312.7,200.0,40000.0,40200.0,0.0204,0.00022,0.020620000000000003
Intel Core i7-9750H,Intel,45.0,6.0,2.6,149.0,13.0,400.0,413.0,210.0,20000.0,20210.0,0.0204,8e-05,0.02048
Intel Core i7-9750HF,Intel,45.0,6.0,2.6,149.0,13.0,400.0,413.0,210.0,20000.0,20210.0,0.0204,8e-05,0.02048
Intel Core i7-980,Intel,130.0,6.0,3.333,239.0,13.0,1300.0,1313.0,210.0,40000.0,40210.0,0.0204,0.00022,0.020620000000000003
Intel Core i7-980X,Intel,130.0,6.0,3.333,239.0,13.0,1300.0,1313.0,210.0,40000.0,40210.0,0.0204,0.00022,0.020620000000000003
Intel Core i7-9850H,Intel,45.0,6.0,2.6,149.0,13.0,400.0,413.0,210.0,20000.0,20210.0,0.0204,8e-05,0.02048
Intel Core i7-9850HE,Intel,45.0,6.0,2.7,149.0,13.0,400.0,413.0,210.0,20000.0,20210.0,0.0204,8e-05,0.02048
Intel Core i7-9850HL,Intel,25.0,6.0,1.9,149.0,13.0,250.0,263.0,210.0,10000.0,10210.0,0.0204,4e-05,0.02044
Intel Core i7-990X,Intel,130.0,6.0,3.466,239.0,13.0,1300.0,1313.0,210.0,40000.0,40210.0,0.0204,0.00022,0.020620000000000003
Intel Core i9-10850K,Intel,125.0,10.0,3.6,206.0,17.0,1200.0,1217.0,260.0,40000.0,40260.0,0.0204,0.00021,0.02061
Intel Core i9-10885H,Intel,45.0,8.0,2.4,206.0,16.0,400.0,416.0,240.0,20000.0,20240.0,0.0204,8e-05,0.02048
Intel Core i9-10900K,Intel,125.0,10.0,3.7,206.0,17.0,1200.0,1217.0,260.0,40000.0,40260.0,0.0204,0.00021,0.02061
Intel Core i9-11900,Intel,65.0,8.0,2.5,276.0,16.0,600.0,616.0,240.0,20000.0,20240.0,0.0204,0.00011,0.02051
Intel Core i9-11900F,Intel,65.0,8.0,2.5,276.0,16.0,600.0,616.0,240.0,20000.0,20240.0,0.0204,0.00011,0.02051
Intel Core i9-11900H,Intel,35.0,8.0,2.1,190.0,16.0,300.0,316.0,240.0,10000.0,10240.0,0.0204,6e-05,0.020460000000000002
Intel Core i9-11900K,Intel,125.0,8.0,3.5,276.0,16.0,1200.0,1216.0,240.0,40000.0,40240.0,0.0204,0.00021,0.02061
Intel Core i9-11900KB,Intel,65.0,8.0,3.3,190.0,16.0,600.0,616.0,240.0,20000.0,20240.0,0.0204,0.00011,0.02051
Intel Core i9-11900KF,Intel,125.0,8.0,3.5,276.0,16.0,1200.0,1216.0,240.0,40000.0,40240.0,0.0204,0.00021,0.02061
Intel Core i9-11900T,Intel,35.0,8.0,1.5,276.0,16.0,300.0,316.0,240.0,10000.0,10240.0,0.0204,6e-05,0.020460000000000002
Intel Core i9-11950H,Intel,35.0,8.0,2.1,190.0,16.0,300.0,316.0,240.0,10000.0,10240.0,0.0204,6e-05,0.020460000000000002
Intel Core i9-11980HK,Intel,45.0,8.0,2.6,190.0,16.0,400.0,416.0,240.0,20000.0,20240.0,0.0204,8e-05,0.02048
Intel Core i9-12900,Intel,65.0,16.0,2.4,215.0,21.0,600.0,621.0,320.0,20000.0,20320.0,0.0204,0.00011,0.02051
Intel Core i9-12900E,Intel,65.0,16.0,2.3,215.0,21.0,600.0,621.0,320.0,20000.0,20320.0,0.0204,0.00011,0.02051
Intel Core i9-12900F,Intel,65.0,16.0,2.4,215.0,21.0,600.0,621.0,320.0,20000.0,20320.0,0.0204,0.00011,0.02051
Intel Core i9-12900H,Intel,45.0,14.0,2.5,217.0,14.4,400.0,414.4,227.0,20000.0,20227.0,0.0204,8e-05,0.02048
Intel Core i9-12900HK,Intel,45.0,14.0,2.5,217.0,14.4,400.0,414.4,227.0,20000.0,20227.0,0.0204,8e-05,0.02048
Intel Core i9-12900HX,Intel,55.0,16.0,2.3,215.0,21.0,500.0,521.0,320.0,20000.0,20320.0,0.0204,9e-05,0.02049
Intel Core i9-12900K,Intel,125.0,16.0,3.2,215.0,21.0,1200.0,1221.0,320.0,40000.0,40320.0,0.0204,0.00021,0.02061
Intel Core i9-12900KF,Intel,125.0,16.0,3.2,215.0,21.0,1200.0,1221.0,320.0,40000.0,40320.0,0.0204,0.00021,0.02061
Intel Core i9-12900KS,Intel,150.0,16.0,3.4,215.0,21.0,1500.0,1521.0,320.0,100000.0,100320.0,0.0204,0.00025,0.02065
Intel Core i9-12900T,Intel,35.0,16.0,1.4,215.0,21.0,300.0,321.0,320.0,10000.0,10320.0,0.0204,6e-05,0.020460000000000002
Intel Core i9-12900TE,Intel,35.0,16.0,1.1,215.0,21.0,300.0,321.0,320.0,10000.0,10320.0,0.0204,6e-05,0.020460000000000002
Intel Core i9-12950HX,Intel,55.0,16.0,2.3,215.0,21.0,500.0,521.0,320.0,20000.0,20320.0,0.0204,9e-05,0.02049
Intel Core i9-13900H,Intel,45.0,14.0,2.6,257.0,14.4,400.0,414.4,227.0,20000.0,20227.0,0.0204,8e-05,0.02048
Intel Core i9-13900HK,Intel,45.0,14.0,2.6,257.0,14.4,400.0,414.4,227.0,20000.0,20227.0,0.0204,8e-05,0.02048
Intel Core i9-13905H,Intel,45.0,14.0,2.6,257.0,14.4,400.0,414.4,227.0,20000.0,20227.0,0.0204,8e-05,0.02048
Intel Core i9-8950HK,Intel,95.0,6.0,2.9,149.0,13.0,900.0,913.0,210.0,30000.0,30210.0,0.0204,0.00016,0.020560000000000002
Intel Core i9-9880H,Intel,45.0,8.0,2.3,149.0,16.0,400.0,416.0,240.0,20000.0,20240.0,0.0204,8e-05,0.02048
Intel Core i9-9900,Intel,65.0,8.0,3.1,540.0,16.0,600.0,616.0,240.0,20000.0,20240.0,0.0204,0.00011,0.02051
Intel Core i9-9900K,Intel,95.0,8.0,3.6,540.0,16.0,900.0,916.0,240.0,30000.0,30240.0,0.0204,0.00016,0.020560000000000002
Intel Core i9-9900KF,Intel,95.0,8.0,3.6,540.0,16.0,900.0,916.0,240.0,30000.0,30240.0,0.0204,0.00016,0.020560000000000002
Intel Core i9-9900KS,Intel,127.0,8.0,4.0,180.0,16.0,1300.0,1316.0,240.0,40000.0,40240.0,0.0204,0.00021,0.02061
Intel Core i9-9900T,Intel,35.0,8.0,2.1,540.0,16.0,300.0,316.0,240.0,10000.0,10240.0,0.0204,6e-05,0.020460000000000002
Intel Core i9-9980HK,Intel,45.0,8.0,2.4,149.0,16.0,400.0,416.0,240.0,20000.0,20240.0,0.0204,8e-05,0.02048
Intel Core m3-8114Y,Intel,5.0,2.0,1.5,3640.0,17.0,50.0,67.0,260.0,2000.0,2260.0,0.0204,8e-06,0.020408000000000003
Intel Mobile Pentium 4 2.40,Intel,60.0,1.0,2.4,131.0,13.71,600.0,613.71,217.5,20000.0,20217.5,0.0204,0.0001,0.0205
Intel Mobile Pentium 4 2.66,Intel,66.0,1.0,2.667,131.0,13.71,700.0,713.71,217.5,20000.0,20217.5,0.0204,0.00011,0.02051
Intel Mobile Pentium 4 2.80,Intel,68.0,1.0,2.8,131.0,13.71,700.0,713.71,217.5,20000.0,20217.5,0.0204,0.00011,0.02051
Intel Mobile Pentium 4 3.06,Intel,70.0,1.0,3.067,131.0,13.71,700.0,713.71,217.5,20000.0,20217.5,0.0204,0.00012,0.02052
Intel Mobile Pentium 4 HT 2.66,Intel,66.0,1.0,2.667,131.0,13.71,700.0,713.71,217.5,20000.0,20217.5,0.0204,0.00011,0.02051
Intel Mobile Pentium 4 HT 2.80,Intel,68.0,1.0,2.8,131.0,13.71,700.0,713.71,217.5,20000.0,20217.5,0.0204,0.00011,0.02051
Intel Mobile Pentium 4 HT 3.06,Intel,70.0,1.0,3.067,131.0,13.71,700.0,713.71,217.5,20000.0,20217.5,0.0204,0.00012,0.02052
Intel Mobile Pentium 4 HT 3.20,Intel,76.0,1.0,3.2,131.0,13.71,800.0,813.71,217.5,30000.0,30217.5,0.0204,0.00013,0.020530000000000003
Intel Mobile Pentium 4 HT 518,Intel,88.0,1.0,2.8,112.0,13.71,900.0,913.71,217.5,30000.0,30217.5,0.0204,0.00015,0.020550000000000002
Intel Mobile Pentium 4 HT 532,Intel,88.0,1.0,3.067,112.0,13.71,900.0,913.71,217.5,30000.0,30217.5,0.0204,0.00015,0.020550000000000002
Intel Mobile Pentium 4 HT 538,Intel,88.0,1.0,3.2,112.0,13.71,900.0,913.71,217.5,30000.0,30217.5,0.0204,0.00015,0.020550000000000002
Intel Mobile Pentium 4 HT 548,Intel,88.0,1.0,3.334,112.0,13.71,900.0,913.71,217.5,30000.0,30217.5,0.0204,0.00015,0.020550000000000002
Intel Mobile Pentium 4 HT 552,Intel,88.0,1.0,3.467,112.0,13.71,900.0,913.71,217.5,30000.0,30217.5,0.0204,0.00015,0.020550000000000002
Intel Pentium 1403 V2,Intel,80.0,2.0,2.6,133.0,17.0,800.0,817.0,260.0,30000.0,30260.0,0.0204,0.00013,0.020530000000000003
Intel Pentium 1405 V2,Intel,40.0,2.0,1.4,133.0,17.0,400.0,417.0,260.0,10000.0,10260.0,0.0204,7e-05,0.020470000000000002
Intel Pentium 2020M,Intel,35.0,2.0,2.4,118.0,17.0,300.0,317.0,260.0,10000.0,10260.0,0.0204,6e-05,0.020460000000000002
Intel Pentium 2030M,Intel,35.0,2.0,2.5,118.0,17.0,300.0,317.0,260.0,10000.0,10260.0,0.0204,6e-05,0.020460000000000002
Intel Pentium 2117U,Intel,17.0,2.0,1.8,118.0,17.0,170.0,187.0,260.0,10000.0,10260.0,0.0204,3e-05,0.02043
Intel Pentium 2129Y,Intel,10.0,2.0,1.1,118.0,17.0,100.0,117.0,260.0,3000.0,3260.0,0.0204,1.7e-05,0.020417
Intel Pentium 350,Intel,15.0,2.0,1.2,131.0,17.0,150.0,167.0,260.0,10000.0,10260.0,0.0204,2.5e-05,0.020425000000000002
Intel Pentium 3550M,Intel,37.0,2.0,2.3,118.0,17.0,400.0,417.0,260.0,10000.0,10260.0,0.0204,6e-05,0.020460000000000002
Intel Pentium 3556U,Intel,15.0,2.0,1.7,118.0,17.0,150.0,167.0,260.0,10000.0,10260.0,0.0204,2.5e-05,0.020425000000000002
Intel Pentium 3560Y,Intel,12.0,2.0,1.2,118.0,17.0,120.0,137.0,260.0,4000.0,4260.0,0.0204,2e-05,0.02042
Intel Pentium 3805U,Intel,15.0,2.0,1.9,82.0,17.0,150.0,167.0,260.0,10000.0,10260.0,0.0204,2.5e-05,0.020425000000000002
Intel Pentium 4 1.3,Intel,52.0,1.0,1.3,217.0,13.71,500.0,513.71,217.5,20000.0,20217.5,0.0204,9e-05,0.02049
Intel Pentium 4 1.4,Intel,55.0,1.0,1.4,217.0,13.71,500.0,513.71,217.5,20000.0,20217.5,0.0204,9e-05,0.02049
Intel Pentium 4 1.5,Intel,58.0,1.0,1.5,217.0,13.71,600.0,613.71,217.5,20000.0,20217.5,0.0204,0.0001,0.0205
Intel Pentium 4 1.6,Intel,61.0,1.0,1.6,217.0,13.71,600.0,613.71,217.5,20000.0,20217.5,0.0204,0.0001,0.0205
Intel Pentium 4 1.7,Intel,64.0,1.0,1.7,217.0,13.71,600.0,613.71,217.5,20000.0,20217.5,0.0204,0.00011,0.02051
Intel Pentium 4 1.8,Intel,67.0,1.0,1.8,217.0,13.71,700.0,713.71,217.5,20000.0,20217.5,0.0204,0.00011,0.02051
Intel Pentium 4 1.80,Intel,67.0,1.0,1.8,217.0,13.71,700.0,713.71,217.5,20000.0,20217.5,0.0204,0.00011,0.02051
Intel Pentium 4 1.8A,Intel,69.0,1.0,1.8,217.0,13.71,700.0,713.71,217.5,20000.0,20217.5,0.0204,0.00012,0.02052
Intel Pentium 4 1.9,Intel,69.0,1.0,1.9,217.0,13.71,700.0,713.71,217.5,20000.0,20217.5,0.0204,0.00012,0.02052
Intel Pentium 4 2.0,Intel,72.0,1.0,2.0,217.0,13.71,700.0,713.71,217.5,20000.0,20217.5,0.0204,0.00012,0.02052
Intel Pentium 4 2.2,Intel,92.0,1.0,2.2,146.0,13.71,900.0,913.71,217.5,30000.0,30217.5,0.0204,0.00015,0.020550000000000002
Intel Pentium 4 2.26,Intel,110.0,1.0,2.261,146.0,13.71,1100.0,1113.71,217.5,40000.0,40217.5,0.0204,0.00019,0.02059
Intel Pentium 4 2.4,Intel,110.0,1.0,2.4,146.0,13.71,1100.0,1113.71,217.5,40000.0,40217.5,0.0204,0.00019,0.02059
Intel Pentium 4 2.40,Intel,110.0,1.0,2.4,109.0,13.71,1100.0,1113.71,217.5,40000.0,40217.5,0.0204,0.00019,0.02059
Intel Pentium 4 2.53,Intel,110.0,1.0,2.527,146.0,13.71,1100.0,1113.71,217.5,40000.0,40217.5,0.0204,0.00019,0.02059
Intel Pentium 4 2.60,Intel,92.0,1.0,2.6,146.0,13.71,900.0,913.71,217.5,30000.0,30217.5,0.0204,0.00015,0.020550000000000002
Intel Pentium 4 2.66,Intel,110.0,1.0,2.66,146.0,13.71,1100.0,1113.71,217.5,40000.0,40217.5,0.0204,0.00019,0.02059
Intel Pentium 4 2.80,Intel,110.0,1.0,2.793,146.0,13.71,1100.0,1113.71,217.5,40000.0,40217.5,0.0204,0.00019,0.02059
Intel Pentium 4 505,Intel,84.0,1.0,2.66,109.0,13.71,800.0,813.71,217.5,30000.0,30217.5,0.0204,0.00014,0.020540000000000003
Intel Pentium 4 505J,Intel,84.0,1.0,2.66,109.0,13.71,800.0,813.71,217.5,30000.0,30217.5,0.0204,0.00014,0.020540000000000003
Intel Pentium 4 506,Intel,84.0,1.0,2.66,109.0,13.71,800.0,813.71,217.5,30000.0,30217.5,0.0204,0.00014,0.020540000000000003
Intel Pentium 4 511,Intel,84.0,1.0,2.8,109.0,13.71,800.0,813.71,217.5,30000.0,30217.5,0.0204,0.00014,0.020540000000000003
Intel Pentium 4 519,Intel,84.0,1.0,3.06,109.0,13.71,800.0,813.71,217.5,30000.0,30217.5,0.0204,0.00014,0.020540000000000003
Intel Pentium 4 519K,Intel,84.0,1.0,3.06,109.0,13.71,800.0,813.71,217.5,30000.0,30217.5,0.0204,0.00014,0.020540000000000003
Intel Pentium 4 HT 2.40,Intel,66.0,1.0,2.4,131.0,13.71,700.0,713.71,217.5,20000.0,20217.5,0.0204,0.00011,0.02051
Intel Pentium 4 HT 2.60,Intel,69.0,1.0,2.6,131.0,13.71,700.0,713.71,217.5,20000.0,20217.5,0.0204,0.00012,0.02052
Intel Pentium 4 HT 2.80,Intel,70.0,1.0,2.8,131.0,13.71,700.0,713.71,217.5,20000.0,20217.5,0.0204,0.00012,0.02052
Intel Pentium 4 HT 2.8E,Intel,115.0,1.0,2.8,109.0,13.71,1100.0,1113.71,217.5,40000.0,40217.5,0.0204,0.00019,0.02059
Intel Pentium 4 HT 3.00,Intel,82.0,1.0,3.0,131.0,13.71,800.0,813.71,217.5,30000.0,30217.5,0.0204,0.00014,0.020540000000000003
Intel Pentium 4 HT 3.06,Intel,110.0,1.0,3.06,146.0,13.71,1100.0,1113.71,217.5,40000.0,40217.5,0.0204,0.00019,0.02059
Intel Pentium 4 HT 3.0E,Intel,115.0,1.0,3.0,109.0,13.71,1100.0,1113.71,217.5,40000.0,40217.5,0.0204,0.00019,0.02059
Intel Pentium 4 HT 3.20,Intel,82.0,1.0,3.2,131.0,13.71,800.0,813.71,217.5,30000.0,30217.5,0.0204,0.00014,0.020540000000000003
Intel Pentium 4 HT 3.2E,Intel,115.0,1.0,3.2,109.0,13.71,1100.0,1113.71,217.5,40000.0,40217.5,0.0204,0.00019,0.02059
Intel Pentium 4 HT 3.40,Intel,89.0,1.0,3.4,131.0,13.71,900.0,913.71,217.5,30000.0,30217.5,0.0204,0.00015,0.020550000000000002
Intel Pentium 4 HT 3.4E,Intel,115.0,1.0,3.4,109.0,13.71,1100.0,1113.71,217.5,40000.0,40217.5,0.0204,0.00019,0.02059
Intel Pentium 4 HT 3.6E,Intel,115.0,1.0,3.6,109.0,13.71,1100.0,1113.71,217.5,40000.0,40217.5,0.0204,0.00019,0.02059
Intel Pentium 4 HT 515,Intel,84.0,1.0,2.933,109.0,13.71,800.0,813.71,217.5,30000.0,30217.5,0.0204,0.00014,0.020540000000000003
Intel Pentium 4 HT 516,Intel,84.0,1.0,2.933,109.0,13.71,800.0,813.71,217.5,30000.0,30217.5,0.0204,0.00014,0.020540000000000003
Intel Pentium 4 HT 517,Intel,84.0,1.0,2.933,109.0,13.71,800.0,813.71,217.5,30000.0,30217.5,0.0204,0.00014,0.020540000000000003
Intel Pentium 4 HT 520,Intel,84.0,1.0,2.933,109.0,13.71,800.0,813.71,217.5,30000.0,30217.5,0.0204,0.00014,0.020540000000000003
Intel Pentium 4 HT 521,Intel,84.0,1.0,2.8,109.0,13.71,800.0,813.71,217.5,30000.0,30217.5,0.0204,0.00014,0.020540000000000003
Intel Pentium 4 HT 524,Intel,84.0,1.0,3.06,109.0,13.71,800.0,813.71,217.5,30000.0,30217.5,0.0204,0.00014,0.020540000000000003
Intel Pentium 4 HT 530,Intel,84.0,1.0,3.0,109.0,13.71,800.0,813.71,217.5,30000.0,30217.5,0.0204,0.00014,0.020540000000000003
Intel Pentium 4 HT 531,Intel,84.0,1.0,3.0,109.0,13.71,800.0,813.71,217.5,30000.0,30217.5,0.0204,0.00014,0.020540000000000003
Intel Pentium 4 HT 540,Intel,84.0,1.0,3.2,109.0,13.71,800.0,813.71,217.5,30000.0,30217.5,0.0204,0.00014,0.020540000000000003
Intel Pentium 4 HT 541,Intel,84.0,1.0,3.2,109.0,13.71,800.0,813.71,217.5,30000.0,30217.5,0.0204,0.00014,0.020540000000000003
Intel Pentium 4 HT 550,Intel,115.0,1.0,3.4,109.0,13.71,1100.0,1113.71,217.5,40000.0,40217.5,0.0204,0.00019,0.02059
Intel Pentium 4 HT 551,Intel,115.0,1.0,3.4,109.0,13.71,1100.0,1113.71,217.5,40000.0,40217.5,0.0204,0.00019,0.02059
Intel Pentium 4 HT 560,Intel,115.0,1.0,3.6,109.0,13.71,1100.0,1113.71,217.5,40000.0,40217.5,0.0204,0.00019,0.02059
Intel Pentium 4 HT 561,Intel,115.0,1.0,3.6,109.0,13.71,1100.0,1113.71,217.5,40000.0,40217.5,0.0204,0.00019,0.02059
Intel Pentium 4 HT 570,Intel,115.0,1.0,3.8,109.0,13.71,1100.0,1113.71,217.5,40000.0,40217.5,0.0204,0.00019,0.02059
Intel Pentium 4 HT 571,Intel,115.0,1.0,3.8,109.0,13.71,1100.0,1113.71,217.5,40000.0,40217.5,0.0204,0.00019,0.02059
Intel Pentium 4 HT 620,Intel,84.0,1.0,2.8,135.0,13.71,800.0,813.71,217.5,30000.0,30217.5,0.0204,0.00014,0.020540000000000003
Intel Pentium 4 HT 630,Intel,84.0,1.0,3.0,109.0,13.71,800.0,813.71,217.5,30000.0,30217.5,0.0204,0.00014,0.020540000000000003
Intel Pentium 4 HT 631,Intel,86.0,1.0,3.0,81.0,13.71,900.0,913.71,217.5,30000.0,30217.5,0.0204,0.00014,0.020540000000000003
Intel Pentium 4 HT 640,Intel,84.0,1.0,3.2,109.0,13.71,800.0,813.71,217.5,30000.0,30217.5,0.0204,0.00014,0.020540000000000003
Intel Pentium 4 HT 641,Intel,86.0,1.0,3.2,81.0,13.71,900.0,913.71,217.5,30000.0,30217.5,0.0204,0.00014,0.020540000000000003
Intel Pentium 4 HT 650,Intel,84.0,1.0,3.4,109.0,13.71,800.0,813.71,217.5,30000.0,30217.5,0.0204,0.00014,0.020540000000000003
Intel Pentium 4 HT 651,Intel,86.0,1.0,3.4,81.0,13.71,900.0,913.71,217.5,30000.0,30217.5,0.0204,0.00014,0.020540000000000003
Intel Pentium 4 HT 660,Intel,84.0,1.0,3.6,109.0,13.71,800.0,813.71,217.5,30000.0,30217.5,0.0204,0.00014,0.020540000000000003
Intel Pentium 4 HT 661,Intel,86.0,1.0,3.6,81.0,13.71,900.0,913.71,217.5,30000.0,30217.5,0.0204,0.00014,0.020540000000000003
Intel Pentium 4 HT 662,Intel,84.0,1.0,3.6,109.0,13.71,800.0,813.71,217.5,30000.0,30217.5,0.0204,0.00014,0.020540000000000003
Intel Pentium 4 HT 670,Intel,84.0,1.0,3.8,109.0,13.71,800.0,813.71,217.5,30000.0,30217.5,0.0204,0.00014,0.020540000000000003
Intel Pentium 4 HT 672,Intel,84.0,1.0,3.8,109.0,13.71,800.0,813.71,217.5,30000.0,30217.5,0.0204,0.00014,0.020540000000000003
Intel Pentium 4 HT EE 3.73,Intel,115.0,1.0,3.733,109.0,13.71,1100.0,1113.71,217.5,40000.0,40217.5,0.0204,0.00019,0.02059
Intel Pentium 4 HT Extreme Edition 3.20,Intel,92.0,1.0,3.2,269.0,13.71,900.0,913.71,217.5,30000.0,30217.5,0.0204,0.00015,0.020550000000000002
Intel Pentium 4 HT Extreme Edition 3.40,Intel,103.0,1.0,3.4,269.0,13.71,1000.0,1013.71,217.5,30000.0,30217.5,0.0204,0.00017,0.02057
Intel Pentium 4 HT Extreme Edition 3.46,Intel,110.0,1.0,3.466,269.0,13.71,1100.0,1113.71,217.5,40000.0,40217.5,0.0204,0.00019,0.02059
Intel Pentium 4-M 1.40,Intel,21.0,1.0,1.4,131.0,13.71,210.0,223.71,217.5,10000.0,10217.5,0.0204,4e-05,0.02044
Intel Pentium 4-M 1.50,Intel,26.0,1.0,1.5,131.0,13.71,260.0,273.71,217.5,10000.0,10217.5,0.0204,4e-05,0.02044
Intel Pentium 4-M 1.60,Intel,30.0,1.0,1.6,131.0,13.71,300.0,313.71,217.5,10000.0,10217.5,0.0204,5e-05,0.020450000000000003
Intel Pentium 4-M 1.70,Intel,30.0,1.0,1.7,131.0,13.71,300.0,313.71,217.5,10000.0,10217.5,0.0204,5e-05,0.020450000000000003
Intel Pentium 4-M 1.80,Intel,30.0,1.0,1.8,131.0,13.71,300.0,313.71,217.5,10000.0,10217.5,0.0204,5e-05,0.020450000000000003
Intel Pentium 4-M 1.90,Intel,32.0,1.0,1.9,131.0,13.71,320.0,333.71,217.5,10000.0,10217.5,0.0204,5e-05,0.020450000000000003
Intel Pentium 4-M 2.00,Intel,32.0,1.0,2.0,131.0,13.71,320.0,333.71,217.5,10000.0,10217.5,0.0204,5e-05,0.020450000000000003
Intel Pentium 4-M 2.20,Intel,35.0,1.0,2.2,131.0,13.71,300.0,313.71,217.5,10000.0,10217.5,0.0204,6e-05,0.020460000000000002
Intel Pentium 4-M 2.40,Intel,35.0,1.0,2.4,131.0,13.71,300.0,313.71,217.5,10000.0,10217.5,0.0204,6e-05,0.020460000000000002
Intel Pentium 4-M 2.50,Intel,35.0,1.0,2.5,131.0,13.71,300.0,313.71,217.5,10000.0,10217.5,0.0204,6e-05,0.020460000000000002
Intel Pentium 4-M 2.60,Intel,35.0,1.0,2.6,131.0,13.71,300.0,313.71,217.5,10000.0,10217.5,0.0204,6e-05,0.020460000000000002
Intel Pentium 957,Intel,17.0,2.0,1.2,131.0,17.0,170.0,187.0,260.0,10000.0,10260.0,0.0204,3e-05,0.02043
Intel Pentium 967,Intel,17.0,2.0,1.3,131.0,17.0,170.0,187.0,260.0,10000.0,10260.0,0.0204,3e-05,0.02043
Intel Pentium 977,Intel,17.0,2.0,1.4,131.0,17.0,170.0,187.0,260.0,10000.0,10260.0,0.0204,3e-05,0.02043
Intel Pentium 987,Intel,17.0,2.0,1.5,131.0,17.0,170.0,187.0,260.0,10000.0,10260.0,0.0204,3e-05,0.02043
Intel Pentium 997,Intel,17.0,2.0,1.6,131.0,17.0,170.0,187.0,260.0,10000.0,10260.0,0.0204,3e-05,0.02043
Intel Pentium B915C,Intel,35.0,2.0,1.5,131.0,17.0,300.0,317.0,260.0,10000.0,10260.0,0.0204,6e-05,0.020460000000000002
Intel Pentium B940,Intel,35.0,2.0,2.0,131.0,17.0,300.0,317.0,260.0,10000.0,10260.0,0.0204,6e-05,0.020460000000000002
Intel Pentium B950,Intel,35.0,2.0,2.1,131.0,17.0,300.0,317.0,260.0,10000.0,10260.0,0.0204,6e-05,0.020460000000000002
Intel Pentium B960,Intel,35.0,2.0,2.2,131.0,17.0,300.0,317.0,260.0,10000.0,10260.0,0.0204,6e-05,0.020460000000000002
Intel Pentium B970,Intel,35.0,2.0,2.3,131.0,17.0,300.0,317.0,260.0,10000.0,10260.0,0.0204,6e-05,0.020460000000000002
Intel Pentium B980,Intel,35.0,2.0,2.4,131.0,17.0,300.0,317.0,260.0,10000.0,10260.0,0.0204,6e-05,0.020460000000000002
Intel Pentium D 820,Intel,130.0,2.0,2.8,206.0,17.0,1300.0,1317.0,260.0,40000.0,40260.0,0.0204,0.00022,0.020620000000000003
Intel Pentium D 830,Intel,130.0,2.0,3.0,206.0,17.0,1300.0,1317.0,260.0,40000.0,40260.0,0.0204,0.00022,0.020620000000000003
Intel Pentium D 840,Intel,130.0,2.0,3.2,206.0,17.0,1300.0,1317.0,260.0,40000.0,40260.0,0.0204,0.00022,0.020620000000000003
Intel Pentium D 915,Intel,95.0,2.0,2.8,162.0,17.0,900.0,917.0,260.0,30000.0,30260.0,0.0204,0.00016,0.020560000000000002
Intel Pentium D 920,Intel,95.0,2.0,2.8,162.0,17.0,900.0,917.0,260.0,30000.0,30260.0,0.0204,0.00016,0.020560000000000002
Intel Pentium D 925,Intel,95.0,2.0,3.0,162.0,17.0,900.0,917.0,260.0,30000.0,30260.0,0.0204,0.00016,0.020560000000000002
Intel Pentium D 930,Intel,95.0,2.0,3.0,162.0,17.0,900.0,917.0,260.0,30000.0,30260.0,0.0204,0.00016,0.020560000000000002
Intel Pentium D 935,Intel,95.0,2.0,3.2,162.0,17.0,900.0,917.0,260.0,30000.0,30260.0,0.0204,0.00016,0.020560000000000002
Intel Pentium D 940,Intel,130.0,2.0,3.2,162.0,17.0,1300.0,1317.0,260.0,40000.0,40260.0,0.0204,0.00022,0.020620000000000003
Intel Pentium D 945,Intel,95.0,2.0,3.4,162.0,17.0,900.0,917.0,260.0,30000.0,30260.0,0.0204,0.00016,0.020560000000000002
Intel Pentium D 950,Intel,130.0,2.0,3.4,162.0,17.0,1300.0,1317.0,260.0,40000.0,40260.0,0.0204,0.00022,0.020620000000000003
Intel Pentium D 960,Intel,130.0,2.0,3.6,162.0,17.0,1300.0,1317.0,260.0,40000.0,40260.0,0.0204,0.00022,0.020620000000000003
Intel Pentium Dual-Core E2140,Intel,65.0,2.0,1.6,77.0,17.0,600.0,617.0,260.0,20000.0,20260.0,0.0204,0.00011,0.02051
Intel Pentium Dual-Core E2160,Intel,65.0,2.0,1.8,77.0,17.0,600.0,617.0,260.0,20000.0,20260.0,0.0204,0.00011,0.02051
Intel Pentium Dual-Core E2180,Intel,65.0,2.0,2.0,77.0,17.0,600.0,617.0,260.0,20000.0,20260.0,0.0204,0.00011,0.02051
Intel Pentium Dual-Core E2200,Intel,65.0,2.0,2.2,77.0,17.0,600.0,617.0,260.0,20000.0,20260.0,0.0204,0.00011,0.02051
Intel Pentium Dual-Core E2210,Intel,65.0,2.0,2.2,82.0,17.0,600.0,617.0,260.0,20000.0,20260.0,0.0204,0.00011,0.02051
Intel Pentium Dual-Core E2220,Intel,65.0,2.0,2.4,77.0,17.0,600.0,617.0,260.0,20000.0,20260.0,0.0204,0.00011,0.02051
Intel Pentium Dual-Core T4200,Intel,35.0,2.0,2.0,107.0,17.0,300.0,317.0,260.0,10000.0,10260.0,0.0204,6e-05,0.020460000000000002
Intel Pentium Dual-Core T4300,Intel,35.0,2.0,2.1,107.0,17.0,300.0,317.0,260.0,10000.0,10260.0,0.0204,6e-05,0.020460000000000002
Intel Pentium Dual-Core T4400,Intel,35.0,2.0,2.2,107.0,17.0,300.0,317.0,260.0,10000.0,10260.0,0.0204,6e-05,0.020460000000000002
Intel Pentium Dual-Core T4500,Intel,35.0,2.0,2.3,107.0,17.0,300.0,317.0,260.0,10000.0,10260.0,0.0204,6e-05,0.020460000000000002
Intel Pentium E5200,Intel,65.0,2.0,2.5,82.0,17.0,600.0,617.0,260.0,20000.0,20260.0,0.0204,0.00011,0.02051
Intel Pentium E5300,Intel,65.0,2.0,2.6,82.0,17.0,600.0,617.0,260.0,20000.0,20260.0,0.0204,0.00011,0.02051
Intel Pentium E5400,Intel,65.0,2.0,2.7,82.0,17.0,600.0,617.0,260.0,20000.0,20260.0,0.0204,0.00011,0.02051
Intel Pentium E5500,Intel,65.0,2.0,2.8,82.0,17.0,600.0,617.0,260.0,20000.0,20260.0,0.0204,0.00011,0.02051
Intel Pentium E5700,Intel,65.0,2.0,3.0,82.0,17.0,600.0,617.0,260.0,20000.0,20260.0,0.0204,0.00011,0.02051
Intel Pentium E5800,Intel,65.0,2.0,3.2,82.0,17.0,600.0,617.0,260.0,20000.0,20260.0,0.0204,0.00011,0.02051
Intel Pentium E6300,Intel,65.0,2.0,2.8,82.0,17.0,600.0,617.0,260.0,20000.0,20260.0,0.0204,0.00011,0.02051
Intel Pentium E6500,Intel,65.0,2.0,2.933,82.0,17.0,600.0,617.0,260.0,20000.0,20260.0,0.0204,0.00011,0.02051
Intel Pentium E6500K,Intel,65.0,2.0,2.933,82.0,17.0,600.0,617.0,260.0,20000.0,20260.0,0.0204,0.00011,0.02051
Intel Pentium E6600,Intel,65.0,2.0,3.067,82.0,17.0,600.0,617.0,260.0,20000.0,20260.0,0.0204,0.00011,0.02051
Intel Pentium E6700,Intel,65.0,2.0,3.2,82.0,17.0,600.0,617.0,260.0,20000.0,20260.0,0.0204,0.00011,0.02051
Intel Pentium E6800,Intel,65.0,2.0,3.333,82.0,17.0,600.0,617.0,260.0,20000.0,20260.0,0.0204,0.00011,0.02051
Intel Pentium Extreme Edition 840,Intel,130.0,2.0,3.2,206.0,17.0,1300.0,1317.0,260.0,40000.0,40260.0,0.0204,0.00022,0.020620000000000003
Intel Pentium Extreme Edition 955,Intel,130.0,2.0,3.466,162.0,17.0,1300.0,1317.0,260.0,40000.0,40260.0,0.0204,0.00022,0.020620000000000003
Intel Pentium Extreme Edition 965,Intel,130.0,2.0,3.733,162.0,17.0,1300.0,1317.0,260.0,40000.0,40260.0,0.0204,0.00022,0.020620000000000003
Intel Pentium G2010,Intel,55.0,2.0,2.8,94.0,17.0,500.0,517.0,260.0,20000.0,20260.0,0.0204,9e-05,0.02049
Intel Pentium G2020,Intel,55.0,2.0,2.9,94.0,17.0,500.0,517.0,260.0,20000.0,20260.0,0.0204,9e-05,0.02049
Intel Pentium G2020T,Intel,35.0,2.0,2.5,94.0,17.0,300.0,317.0,260.0,10000.0,10260.0,0.0204,6e-05,0.020460000000000002
Intel Pentium G2100T,Intel,35.0,2.0,2.6,94.0,17.0,300.0,317.0,260.0,10000.0,10260.0,0.0204,6e-05,0.020460000000000002
Intel Pentium G2120,Intel,55.0,2.0,3.1,94.0,17.0,500.0,517.0,260.0,20000.0,20260.0,0.0204,9e-05,0.02049
Intel Pentium G2130,Intel,55.0,2.0,3.2,94.0,17.0,500.0,517.0,260.0,20000.0,20260.0,0.0204,9e-05,0.02049
Intel Pentium G3220,Intel,54.0,2.0,3.0,177.0,17.0,500.0,517.0,260.0,20000.0,20260.0,0.0204,9e-05,0.02049
Intel Pentium G3220T,Intel,35.0,2.0,2.6,177.0,17.0,300.0,317.0,260.0,10000.0,10260.0,0.0204,6e-05,0.020460000000000002
Intel Pentium G3250,Intel,54.0,2.0,3.2,177.0,17.0,500.0,517.0,260.0,20000.0,20260.0,0.0204,9e-05,0.02049
Intel Pentium G3250T,Intel,35.0,2.0,2.8,177.0,17.0,300.0,317.0,260.0,10000.0,10260.0,0.0204,6e-05,0.020460000000000002
Intel Pentium G3258,Intel,54.0,2.0,3.2,131.0,17.0,500.0,517.0,260.0,20000.0,20260.0,0.0204,9e-05,0.02049
Intel Pentium G3420,Intel,54.0,2.0,3.2,177.0,17.0,500.0,517.0,260.0,20000.0,20260.0,0.0204,9e-05,0.02049
Intel Pentium G3420T,Intel,35.0,2.0,2.7,177.0,17.0,300.0,317.0,260.0,10000.0,10260.0,0.0204,6e-05,0.020460000000000002
Intel Pentium G3430,Intel,54.0,2.0,3.3,177.0,17.0,500.0,517.0,260.0,20000.0,20260.0,0.0204,9e-05,0.02049
Intel Pentium G3440,Intel,54.0,2.0,3.3,177.0,17.0,500.0,517.0,260.0,20000.0,20260.0,0.0204,9e-05,0.02049
Intel Pentium G3450,Intel,54.0,2.0,3.3,177.0,17.0,500.0,517.0,260.0,20000.0,20260.0,0.0204,9e-05,0.02049
Intel Pentium G3450T,Intel,35.0,2.0,2.9,177.0,17.0,300.0,317.0,260.0,10000.0,10260.0,0.0204,6e-05,0.020460000000000002
Intel Pentium G3460,Intel,54.0,2.0,3.5,177.0,17.0,500.0,517.0,260.0,20000.0,20260.0,0.0204,9e-05,0.02049
Intel Pentium G4400,Intel,51.0,2.0,3.3,150.0,17.0,500.0,517.0,260.0,20000.0,20260.0,0.0204,9e-05,0.02049
Intel Pentium G4500,Intel,51.0,2.0,3.5,150.0,17.0,500.0,517.0,260.0,20000.0,20260.0,0.0204,9e-05,0.02049
Intel Pentium G4520,Intel,51.0,2.0,3.6,150.0,17.0,500.0,517.0,260.0,20000.0,20260.0,0.0204,9e-05,0.02049
Intel Pentium G620,Intel,65.0,2.0,2.6,131.0,17.0,600.0,617.0,260.0,20000.0,20260.0,0.0204,0.00011,0.02051
Intel Pentium G620T,Intel,35.0,2.0,2.2,131.0,17.0,300.0,317.0,260.0,10000.0,10260.0,0.0204,6e-05,0.020460000000000002
Intel Pentium G622,Intel,65.0,2.0,2.6,131.0,17.0,600.0,617.0,260.0,20000.0,20260.0,0.0204,0.00011,0.02051
Intel Pentium G630,Intel,65.0,2.0,2.7,131.0,17.0,600.0,617.0,260.0,20000.0,20260.0,0.0204,0.00011,0.02051
Intel Pentium G630T,Intel,35.0,2.0,2.3,131.0,17.0,300.0,317.0,260.0,10000.0,10260.0,0.0204,6e-05,0.020460000000000002
Intel Pentium G632,Intel,65.0,2.0,2.7,131.0,17.0,600.0,617.0,260.0,20000.0,20260.0,0.0204,0.00011,0.02051
Intel Pentium G640,Intel,65.0,2.0,2.8,131.0,17.0,600.0,617.0,260.0,20000.0,20260.0,0.0204,0.00011,0.02051
Intel Pentium G640T,Intel,35.0,2.0,2.4,131.0,17.0,300.0,317.0,260.0,10000.0,10260.0,0.0204,6e-05,0.020460000000000002
Intel Pentium G645,Intel,65.0,2.0,2.9,131.0,17.0,600.0,617.0,260.0,20000.0,20260.0,0.0204,0.00011,0.02051
Intel Pentium G645T,Intel,35.0,2.0,2.5,131.0,17.0,300.0,317.0,260.0,10000.0,10260.0,0.0204,6e-05,0.020460000000000002
Intel Pentium G6950,Intel,73.0,2.0,2.8,81.0,17.0,700.0,717.0,260.0,20000.0,20260.0,0.0204,0.00012,0.02052
Intel Pentium G6951,Intel,73.0,2.0,2.8,81.0,17.0,700.0,717.0,260.0,20000.0,20260.0,0.0204,0.00012,0.02052
Intel Pentium G6960,Intel,73.0,2.0,2.933,81.0,17.0,700.0,717.0,260.0,20000.0,20260.0,0.0204,0.00012,0.02052
Intel Pentium G840,Intel,65.0,2.0,2.8,131.0,17.0,600.0,617.0,260.0,20000.0,20260.0,0.0204,0.00011,0.02051
Intel Pentium G850,Intel,65.0,2.0,2.9,131.0,17.0,600.0,617.0,260.0,20000.0,20260.0,0.0204,0.00011,0.02051
Intel Pentium G860,Intel,65.0,2.0,3.0,131.0,17.0,600.0,617.0,260.0,20000.0,20260.0,0.0204,0.00011,0.02051
Intel Pentium G860T,Intel,35.0,2.0,2.6,131.0,17.0,300.0,317.0,260.0,10000.0,10260.0,0.0204,6e-05,0.020460000000000002
Intel Pentium G870,Intel,65.0,2.0,3.1,131.0,17.0,600.0,617.0,260.0,20000.0,20260.0,0.0204,0.00011,0.02051
Intel Pentium Gold G5400,Intel,58.0,2.0,3.7,126.0,17.0,600.0,617.0,260.0,20000.0,20260.0,0.0204,0.0001,0.0205
Intel Pentium Gold G5400T,Intel,35.0,2.0,3.1,126.0,17.0,300.0,317.0,260.0,10000.0,10260.0,0.0204,6e-05,0.020460000000000002
Intel Pentium Gold G5500,Intel,54.0,2.0,3.8,126.0,17.0,500.0,517.0,260.0,20000.0,20260.0,0.0204,9e-05,0.02049
Intel Pentium Gold G5500T,Intel,35.0,2.0,3.2,126.0,17.0,300.0,317.0,260.0,10000.0,10260.0,0.0204,6e-05,0.020460000000000002
Intel Pentium Gold G5600,Intel,54.0,2.0,3.9,126.0,17.0,500.0,517.0,260.0,20000.0,20260.0,0.0204,9e-05,0.02049
Intel Pentium Gold G5620,Intel,54.0,2.0,4.0,126.0,17.0,500.0,517.0,260.0,20000.0,20260.0,0.0204,9e-05,0.02049
Intel Pentium II Xeon 400,Intel,31.0,1.0,0.4,113.0,13.71,310.0,323.71,217.5,10000.0,10217.5,0.0204,5e-05,0.020450000000000003
Intel Pentium II Xeon 400 1MB,Intel,38.0,1.0,0.4,113.0,13.71,400.0,413.71,217.5,10000.0,10217.5,0.0204,6e-05,0.020460000000000002
Intel Pentium II Xeon 450,Intel,35.0,1.0,0.45,113.0,13.71,300.0,313.71,217.5,10000.0,10217.5,0.0204,6e-05,0.020460000000000002
Intel Pentium II Xeon 450 1MB,Intel,43.0,1.0,0.45,113.0,13.71,400.0,413.71,217.5,10000.0,10217.5,0.0204,7e-05,0.020470000000000002
Intel Pentium II Xeon 450 2MB,Intel,47.0,1.0,0.45,113.0,13.71,500.0,513.71,217.5,20000.0,20217.5,0.0204,8e-05,0.02048
Intel Pentium III  800,Intel,38.0,1.0,0.8,80.0,13.71,400.0,413.71,217.5,10000.0,10217.5,0.0204,6e-05,0.020460000000000002
Intel Pentium III  866,Intel,38.0,1.0,0.866,80.0,13.71,400.0,413.71,217.5,10000.0,10217.5,0.0204,6e-05,0.020460000000000002
Intel Pentium III  933,Intel,27.0,1.0,0.933,80.0,13.71,270.0,283.71,217.5,10000.0,10217.5,0.0204,5e-05,0.020450000000000003
Intel Pentium III 1000,Intel,29.0,1.0,1.0,80.0,13.71,290.0,303.71,217.5,10000.0,10217.5,0.0204,5e-05,0.020450000000000003
Intel Pentium III 1000S,Intel,30.0,1.0,1.0,80.0,13.71,300.0,313.71,217.5,10000.0,10217.5,0.0204,5e-05,0.020450000000000003
Intel Pentium III 1133,Intel,29.0,1.0,1.133,80.0,13.71,290.0,303.71,217.5,10000.0,10217.5,0.0204,5e-05,0.020450000000000003
Intel Pentium III 1133S,Intel,29.0,1.0,1.133,80.0,13.71,290.0,303.71,217.5,10000.0,10217.5,0.0204,5e-05,0.020450000000000003
Intel Pentium III 1200,Intel,30.0,1.0,1.2,80.0,13.71,300.0,313.71,217.5,10000.0,10217.5,0.0204,5e-05,0.020450000000000003
Intel Pentium III 1266S,Intel,30.0,1.0,1.266,80.0,13.71,300.0,313.71,217.5,10000.0,10217.5,0.0204,5e-05,0.020450000000000003
Intel Pentium III 1333,Intel,30.0,1.0,1.333,80.0,13.71,300.0,313.71,217.5,10000.0,10217.5,0.0204,5e-05,0.020450000000000003
Intel Pentium III 1400,Intel,31.0,1.0,1.4,80.0,13.71,310.0,323.71,217.5,10000.0,10217.5,0.0204,5e-05,0.020450000000000003
Intel Pentium III 1400S,Intel,32.0,1.0,1.4,80.0,13.71,320.0,333.71,217.5,10000.0,10217.5,0.0204,5e-05,0.020450000000000003
Intel Pentium III Xeon 1000 2.8V,Intel,30.0,1.0,1.0,106.0,13.71,300.0,313.71,217.5,10000.0,10217.5,0.0204,5e-05,0.020450000000000003
Intel Pentium III Xeon 1000 5V-12V,Intel,31.0,1.0,1.0,106.0,13.71,310.0,323.71,217.5,10000.0,10217.5,0.0204,5e-05,0.020450000000000003
Intel Pentium III Xeon 500,Intel,36.0,1.0,0.5,123.0,13.71,400.0,413.71,217.5,10000.0,10217.5,0.0204,6e-05,0.020460000000000002
Intel Pentium III Xeon 500 1MB,Intel,45.0,1.0,0.5,123.0,13.71,400.0,413.71,217.5,20000.0,20217.5,0.0204,8e-05,0.02048
Intel Pentium III Xeon 500 2MB,Intel,37.0,1.0,0.5,123.0,13.71,400.0,413.71,217.5,10000.0,10217.5,0.0204,6e-05,0.020460000000000002
Intel Pentium III Xeon 550,Intel,34.0,1.0,0.55,123.0,13.71,340.0,353.71,217.5,10000.0,10217.5,0.0204,6e-05,0.020460000000000002
Intel Pentium III Xeon 550 1MB,Intel,35.0,1.0,0.55,123.0,13.71,300.0,313.71,217.5,10000.0,10217.5,0.0204,6e-05,0.020460000000000002
Intel Pentium III Xeon 550 2MB,Intel,41.0,1.0,0.55,123.0,13.71,400.0,413.71,217.5,10000.0,10217.5,0.0204,7e-05,0.020470000000000002
Intel Pentium III Xeon 600 2.8V,Intel,19.0,1.0,0.6,106.0,13.71,190.0,203.71,217.5,10000.0,10217.5,0.0204,3e-05,0.02043
Intel Pentium III Xeon 600 5V-12V,Intel,19.0,1.0,0.6,106.0,13.71,190.0,203.71,217.5,10000.0,10217.5,0.0204,3e-05,0.02043
Intel Pentium III Xeon 667 2.8V,Intel,21.0,1.0,0.667,106.0,13.71,210.0,223.71,217.5,10000.0,10217.5,0.0204,4e-05,0.02044
Intel Pentium III Xeon 667 5V-12V,Intel,21.0,1.0,0.667,106.0,13.71,210.0,223.71,217.5,10000.0,10217.5,0.0204,4e-05,0.02044
Intel Pentium III Xeon 700 2.8V,Intel,29.0,1.0,0.7,375.0,13.71,290.0,303.71,217.5,10000.0,10217.5,0.0204,5e-05,0.020450000000000003
Intel Pentium III Xeon 700 5V-12V,Intel,30.0,1.0,0.7,375.0,13.71,300.0,313.71,217.5,10000.0,10217.5,0.0204,5e-05,0.020450000000000003
Intel Pentium III Xeon 700-2M 2.8V,Intel,30.0,1.0,0.7,375.0,13.71,300.0,313.71,217.5,10000.0,10217.5,0.0204,5e-05,0.020450000000000003
Intel Pentium III Xeon 700-2M 5V-12V,Intel,30.0,1.0,0.7,375.0,13.71,300.0,313.71,217.5,10000.0,10217.5,0.0204,5e-05,0.020450000000000003
Intel Pentium III Xeon 733 2.8V,Intel,23.0,1.0,0.733,106.0,13.71,230.0,243.71,217.5,10000.0,10217.5,0.0204,4e-05,0.02044
Intel Pentium III Xeon 733 5V-12V,Intel,23.0,1.0,0.733,106.0,13.71,230.0,243.71,217.5,10000.0,10217.5,0.0204,4e-05,0.02044
Intel Pentium III Xeon 800 2.8V,Intel,25.0,1.0,0.8,106.0,13.71,250.0,263.71,217.5,10000.0,10217.5,0.0204,4e-05,0.02044
Intel Pentium III Xeon 800 5V-12V,Intel,25.0,1.0,0.8,106.0,13.71,250.0,263.71,217.5,10000.0,10217.5,0.0204,4e-05,0.02044
Intel Pentium III Xeon 866 2.8V,Intel,25.0,1.0,0.866,106.0,13.71,250.0,263.71,217.5,10000.0,10217.5,0.0204,4e-05,0.02044
Intel Pentium III Xeon 866 5V-12V,Intel,25.0,1.0,0.866,106.0,13.71,250.0,263.71,217.5,10000.0,10217.5,0.0204,4e-05,0.02044
Intel Pentium III Xeon 900 2.8V,Intel,36.0,1.0,0.9,375.0,13.71,400.0,413.71,217.5,10000.0,10217.5,0.0204,6e-05,0.020460000000000002
Intel Pentium III Xeon 900 5V-12V,Intel,36.0,1.0,0.9,375.0,13.71,400.0,413.71,217.5,10000.0,10217.5,0.0204,6e-05,0.020460000000000002
Intel Pentium III Xeon 933 2.8V,Intel,29.0,1.0,0.933,106.0,13.71,290.0,303.71,217.5,10000.0,10217.5,0.0204,5e-05,0.020450000000000003
Intel Pentium III Xeon 933 5V-12V,Intel,30.0,1.0,0.933,106.0,13.71,300.0,313.71,217.5,10000.0,10217.5,0.0204,5e-05,0.020450000000000003
Intel Pentium M 1.30,Intel,24.0,1.0,1.3,100.0,13.71,240.0,253.71,217.5,10000.0,10217.5,0.0204,4e-05,0.02044
Intel Pentium M 1.40,Intel,24.0,1.0,1.4,100.0,13.71,240.0,253.71,217.5,10000.0,10217.5,0.0204,4e-05,0.02044
Intel Pentium M 1.50,Intel,24.0,1.0,1.5,100.0,13.71,240.0,253.71,217.5,10000.0,10217.5,0.0204,4e-05,0.02044
Intel Pentium M 1.60,Intel,24.0,1.0,1.6,100.0,13.71,240.0,253.71,217.5,10000.0,10217.5,0.0204,4e-05,0.02044
Intel Pentium M 1.70,Intel,24.0,1.0,1.7,100.0,13.71,240.0,253.71,217.5,10000.0,10217.5,0.0204,4e-05,0.02044
Intel Pentium M 715,Intel,21.0,1.0,1.5,84.0,13.71,210.0,223.71,217.5,10000.0,10217.5,0.0204,4e-05,0.02044
Intel Pentium M 725,Intel,21.0,1.0,1.6,84.0,13.71,210.0,223.71,217.5,10000.0,10217.5,0.0204,4e-05,0.02044
Intel Pentium M 730,Intel,27.0,1.0,1.6,84.0,13.71,270.0,283.71,217.5,10000.0,10217.5,0.0204,5e-05,0.020450000000000003
Intel Pentium M 735,Intel,21.0,1.0,1.7,84.0,13.71,210.0,223.71,217.5,10000.0,10217.5,0.0204,4e-05,0.02044
Intel Pentium M 740,Intel,27.0,1.0,1.73,84.0,13.71,270.0,283.71,217.5,10000.0,10217.5,0.0204,5e-05,0.020450000000000003
Intel Pentium M 745,Intel,21.0,1.0,1.8,84.0,13.71,210.0,223.71,217.5,10000.0,10217.5,0.0204,4e-05,0.02044
Intel Pentium M 750,Intel,27.0,1.0,1.86,84.0,13.71,270.0,283.71,217.5,10000.0,10217.5,0.0204,5e-05,0.020450000000000003
Intel Pentium M 755,Intel,21.0,1.0,2.0,84.0,13.71,210.0,223.71,217.5,10000.0,10217.5,0.0204,4e-05,0.02044
Intel Pentium M 760,Intel,27.0,1.0,2.0,84.0,13.71,270.0,283.71,217.5,10000.0,10217.5,0.0204,5e-05,0.020450000000000003
Intel Pentium M 765,Intel,21.0,1.0,2.1,84.0,13.71,210.0,223.71,217.5,10000.0,10217.5,0.0204,4e-05,0.02044
Intel Pentium M 770,Intel,27.0,1.0,2.13,84.0,13.71,270.0,283.71,217.5,10000.0,10217.5,0.0204,5e-05,0.020450000000000003
Intel Pentium M 780,Intel,27.0,1.0,2.26,84.0,13.71,270.0,283.71,217.5,10000.0,10217.5,0.0204,5e-05,0.020450000000000003
Intel Pentium P6000,Intel,35.0,2.0,1.877,81.0,17.0,300.0,317.0,260.0,10000.0,10260.0,0.0204,6e-05,0.020460000000000002
Intel Pentium P6100,Intel,35.0,2.0,2.0,81.0,17.0,300.0,317.0,260.0,10000.0,10260.0,0.0204,6e-05,0.020460000000000002
Intel Pentium P6200,Intel,35.0,2.0,2.133,81.0,17.0,300.0,317.0,260.0,10000.0,10260.0,0.0204,6e-05,0.020460000000000002
Intel Pentium P6300,Intel,35.0,2.0,2.266,81.0,17.0,300.0,317.0,260.0,10000.0,10260.0,0.0204,6e-05,0.020460000000000002
Intel Pentium SU2700,Intel,10.0,1.0,1.3,107.0,13.71,100.0,113.71000000000001,217.5,3000.0,3217.5,0.0204,1.7e-05,0.020417
Intel Pentium SU4100,Intel,10.0,2.0,1.3,107.0,17.0,100.0,117.0,260.0,3000.0,3260.0,0.0204,1.7e-05,0.020417
Intel Pentium U5400,Intel,18.0,2.0,1.2,81.0,17.0,180.0,197.0,260.0,10000.0,10260.0,0.0204,3e-05,0.02043
Intel Pentium U5600,Intel,18.0,2.0,1.333,81.0,17.0,180.0,197.0,260.0,10000.0,10260.0,0.0204,3e-05,0.02043
Intel Xeon 2.0,Intel,89.0,1.0,2.0,217.0,13.71,900.0,913.71,217.5,30000.0,30217.5,0.0204,0.00015,0.020550000000000002
Intel Xeon 2.4,Intel,89.0,1.0,2.394,217.0,13.71,900.0,913.71,217.5,30000.0,30217.5,0.0204,0.00015,0.020550000000000002
Intel Xeon 2.66,Intel,89.0,1.0,2.66,217.0,13.71,900.0,913.71,217.5,30000.0,30217.5,0.0204,0.00015,0.020550000000000002
Intel Xeon 2.8,Intel,135.0,1.0,2.8,135.0,13.71,1300.0,1313.71,217.5,50000.0,50217.5,0.0204,0.00023,0.020630000000000003
Intel Xeon 3.0,Intel,135.0,1.0,3.0,135.0,13.71,1300.0,1313.71,217.5,50000.0,50217.5,0.0204,0.00023,0.020630000000000003
Intel Xeon 3.06,Intel,97.0,1.0,3.066,237.0,13.71,1000.0,1013.71,217.5,30000.0,30217.5,0.0204,0.00016,0.020560000000000002
Intel Xeon 3.2,Intel,135.0,1.0,3.2,169.0,13.71,1300.0,1313.71,217.5,50000.0,50217.5,0.0204,0.00023,0.020630000000000003
Intel Xeon 3.20,Intel,97.0,1.0,3.2,237.0,13.71,1000.0,1013.71,217.5,30000.0,30217.5,0.0204,0.00016,0.020560000000000002
Intel Xeon 3.4,Intel,135.0,1.0,3.4,135.0,13.71,1300.0,1313.71,217.5,50000.0,50217.5,0.0204,0.00023,0.020630000000000003
Intel Xeon 3.6,Intel,135.0,1.0,3.6,169.0,13.71,1300.0,1313.71,217.5,50000.0,50217.5,0.0204,0.00023,0.020630000000000003
Intel Xeon 5020,Intel,95.0,2.0,2.5,162.0,17.0,900.0,917.0,260.0,30000.0,30260.0,0.0204,0.00016,0.020560000000000002
Intel Xeon 5030,Intel,95.0,2.0,2.667,162.0,17.0,900.0,917.0,260.0,30000.0,30260.0,0.0204,0.00016,0.020560000000000002
Intel Xeon 5040,Intel,95.0,2.0,2.83,162.0,17.0,900.0,917.0,260.0,30000.0,30260.0,0.0204,0.00016,0.020560000000000002
Intel Xeon 5050,Intel,95.0,2.0,3.0,162.0,17.0,900.0,917.0,260.0,30000.0,30260.0,0.0204,0.00016,0.020560000000000002
Intel Xeon 5060,Intel,130.0,2.0,3.2,162.0,17.0,1300.0,1317.0,260.0,40000.0,40260.0,0.0204,0.00022,0.020620000000000003
Intel Xeon 5063,Intel,95.0,2.0,3.2,162.0,17.0,900.0,917.0,260.0,30000.0,30260.0,0.0204,0.00016,0.020560000000000002
Intel Xeon 5080,Intel,130.0,2.0,3.73,162.0,17.0,1300.0,1317.0,260.0,40000.0,40260.0,0.0204,0.00022,0.020620000000000003
Intel Xeon 7110M,Intel,95.0,2.0,2.6,435.0,17.0,900.0,917.0,260.0,30000.0,30260.0,0.0204,0.00016,0.020560000000000002
Intel Xeon 7110N,Intel,95.0,2.0,2.5,435.0,17.0,900.0,917.0,260.0,30000.0,30260.0,0.0204,0.00016,0.020560000000000002
Intel Xeon 7120M,Intel,95.0,2.0,3.0,435.0,17.0,900.0,917.0,260.0,30000.0,30260.0,0.0204,0.00016,0.020560000000000002
Intel Xeon 7120N,Intel,95.0,2.0,3.0,435.0,17.0,900.0,917.0,260.0,30000.0,30260.0,0.0204,0.00016,0.020560000000000002
Intel Xeon 7130M,Intel,150.0,2.0,3.2,435.0,17.0,1500.0,1517.0,260.0,100000.0,100260.0,0.0204,0.00025,0.02065
Intel Xeon 7130N,Intel,150.0,2.0,3.166,435.0,17.0,1500.0,1517.0,260.0,100000.0,100260.0,0.0204,0.00025,0.02065
Intel Xeon 7140M,Intel,150.0,2.0,3.4,435.0,17.0,1500.0,1517.0,260.0,100000.0,100260.0,0.0204,0.00025,0.02065
Intel Xeon 7140N,Intel,150.0,2.0,3.333,435.0,17.0,1500.0,1517.0,260.0,100000.0,100260.0,0.0204,0.00025,0.02065
Intel Xeon 7150N,Intel,150.0,2.0,3.5,435.0,17.0,1500.0,1517.0,260.0,100000.0,100260.0,0.0204,0.00025,0.02065
Intel Xeon D-1518,Intel,35.0,4.0,2.2,246.0,12.7,300.0,312.7,200.0,10000.0,10200.0,0.0204,6e-05,0.020460000000000002
Intel Xeon D-1520,Intel,45.0,4.0,2.2,246.0,12.7,400.0,412.7,200.0,20000.0,20200.0,0.0204,8e-05,0.02048
Intel Xeon D-1521,Intel,45.0,4.0,2.4,246.0,12.7,400.0,412.7,200.0,20000.0,20200.0,0.0204,8e-05,0.02048
Intel Xeon D-1527,Intel,35.0,4.0,2.2,246.0,12.7,300.0,312.7,200.0,10000.0,10200.0,0.0204,6e-05,0.020460000000000002
Intel Xeon D-1528,Intel,35.0,6.0,1.9,246.0,13.0,300.0,313.0,210.0,10000.0,10210.0,0.0204,6e-05,0.020460000000000002
Intel Xeon D-1531,Intel,35.0,6.0,2.2,246.0,13.0,300.0,313.0,210.0,10000.0,10210.0,0.0204,6e-05,0.020460000000000002
Intel Xeon D-1537,Intel,35.0,8.0,1.7,246.0,16.0,300.0,316.0,240.0,10000.0,10240.0,0.0204,6e-05,0.020460000000000002
Intel Xeon D-1540,Intel,45.0,8.0,2.0,246.0,16.0,400.0,416.0,240.0,20000.0,20240.0,0.0204,8e-05,0.02048
Intel Xeon D-1541,Intel,45.0,8.0,2.1,246.0,16.0,400.0,416.0,240.0,20000.0,20240.0,0.0204,8e-05,0.02048
Intel Xeon D-1548,Intel,45.0,8.0,2.0,246.0,16.0,400.0,416.0,240.0,20000.0,20240.0,0.0204,8e-05,0.02048
Intel Xeon D-1557,Intel,45.0,12.0,1.5,246.0,17.0,400.0,417.0,270.0,20000.0,20270.0,0.0204,8e-05,0.02048
Intel Xeon D-1567,Intel,65.0,12.0,2.1,246.0,17.0,600.0,617.0,270.0,20000.0,20270.0,0.0204,0.00011,0.02051
Intel Xeon D-1571,Intel,45.0,16.0,1.3,246.0,21.0,400.0,421.0,320.0,20000.0,20320.0,0.0204,8e-05,0.02048
Intel Xeon D-1577,Intel,45.0,16.0,1.3,246.0,21.0,400.0,421.0,320.0,20000.0,20320.0,0.0204,8e-05,0.02048
Intel Xeon D-1581,Intel,65.0,16.0,1.8,246.0,21.0,600.0,621.0,320.0,20000.0,20320.0,0.0204,0.00011,0.02051
Intel Xeon D-1587,Intel,65.0,16.0,1.7,246.0,21.0,600.0,621.0,320.0,20000.0,20320.0,0.0204,0.00011,0.02051
Intel Xeon E-2124,Intel,72.0,4.0,3.4,126.0,12.7,700.0,712.7,200.0,20000.0,20200.0,0.0204,0.00012,0.02052
Intel Xeon E-2124G,Intel,72.0,4.0,3.4,126.0,12.7,700.0,712.7,200.0,20000.0,20200.0,0.0204,0.00012,0.02052
Intel Xeon E-2314,Intel,65.0,4.0,2.8,276.0,12.7,600.0,612.7,200.0,20000.0,20200.0,0.0204,0.00011,0.02051
Intel Xeon E-2324G,Intel,65.0,4.0,3.1,276.0,12.7,600.0,612.7,200.0,20000.0,20200.0,0.0204,0.00011,0.02051
Intel Xeon E-2334,Intel,65.0,4.0,3.4,276.0,12.7,600.0,612.7,200.0,20000.0,20200.0,0.0204,0.00011,0.02051
Intel Xeon E-2336,Intel,65.0,6.0,2.9,276.0,13.0,600.0,613.0,210.0,20000.0,20210.0,0.0204,0.00011,0.02051
Intel Xeon E-2356G,Intel,80.0,6.0,3.2,276.0,13.0,800.0,813.0,210.0,30000.0,30210.0,0.0204,0.00013,0.020530000000000003
Intel Xeon E-2374G,Intel,80.0,4.0,3.7,276.0,12.7,800.0,812.7,200.0,30000.0,30200.0,0.0204,0.00013,0.020530000000000003
Intel Xeon E-2378,Intel,65.0,8.0,2.6,276.0,16.0,600.0,616.0,240.0,20000.0,20240.0,0.0204,0.00011,0.02051
Intel Xeon E-2378G,Intel,80.0,8.0,2.8,276.0,16.0,800.0,816.0,240.0,30000.0,30240.0,0.0204,0.00013,0.020530000000000003
Intel Xeon E-2386G,Intel,95.0,6.0,3.5,276.0,13.0,900.0,913.0,210.0,30000.0,30210.0,0.0204,0.00016,0.020560000000000002
Intel Xeon E-2388G,Intel,95.0,8.0,3.2,276.0,16.0,900.0,916.0,240.0,30000.0,30240.0,0.0204,0.00016,0.020560000000000002
Intel Xeon E3-1105C,Intel,25.0,4.0,1.0,216.0,12.7,250.0,262.7,200.0,10000.0,10200.0,0.0204,4e-05,0.02044
Intel Xeon E3-1125C,Intel,40.0,4.0,2.0,216.0,12.7,400.0,412.7,200.0,10000.0,10200.0,0.0204,7e-05,0.020470000000000002
Intel Xeon E3-1220,Intel,80.0,4.0,3.1,216.0,12.7,800.0,812.7,200.0,30000.0,30200.0,0.0204,0.00013,0.020530000000000003
Intel Xeon E3-1220 v2,Intel,69.0,4.0,3.1,160.0,12.7,700.0,712.7,200.0,20000.0,20200.0,0.0204,0.00012,0.02052
Intel Xeon E3-1220 v3,Intel,80.0,4.0,3.1,160.0,12.7,800.0,812.7,200.0,30000.0,30200.0,0.0204,0.00013,0.020530000000000003
Intel Xeon E3-1220L,Intel,20.0,2.0,2.2,131.0,17.0,200.0,217.0,260.0,10000.0,10260.0,0.0204,3e-05,0.02043
Intel Xeon E3-1220L v3,Intel,13.0,2.0,1.1,160.0,17.0,130.0,147.0,260.0,4000.0,4260.0,0.0204,2.2e-05,0.020422000000000003
Intel Xeon E3-1225,Intel,95.0,4.0,3.1,216.0,12.7,900.0,912.7,200.0,30000.0,30200.0,0.0204,0.00016,0.020560000000000002
Intel Xeon E3-1225 v3,Intel,84.0,4.0,3.2,160.0,12.7,800.0,812.7,200.0,30000.0,30200.0,0.0204,0.00014,0.020540000000000003
Intel Xeon E3-1226 v3,Intel,84.0,4.0,3.3,160.0,12.7,800.0,812.7,200.0,30000.0,30200.0,0.0204,0.00014,0.020540000000000003
Intel Xeon E3-1230,Intel,80.0,4.0,3.2,216.0,12.7,800.0,812.7,200.0,30000.0,30200.0,0.0204,0.00013,0.020530000000000003
Intel Xeon E3-1230 v2,Intel,69.0,4.0,3.3,160.0,12.7,700.0,712.7,200.0,20000.0,20200.0,0.0204,0.00012,0.02052
Intel Xeon E3-1230 v3,Intel,80.0,4.0,3.3,160.0,12.7,800.0,812.7,200.0,30000.0,30200.0,0.0204,0.00013,0.020530000000000003
Intel Xeon E3-1230L v3,Intel,25.0,4.0,1.8,160.0,12.7,250.0,262.7,200.0,10000.0,10200.0,0.0204,4e-05,0.02044
Intel Xeon E3-1231 v3,Intel,80.0,4.0,3.4,160.0,12.7,800.0,812.7,200.0,30000.0,30200.0,0.0204,0.00013,0.020530000000000003
Intel Xeon E3-1235,Intel,95.0,4.0,3.2,216.0,12.7,900.0,912.7,200.0,30000.0,30200.0,0.0204,0.00016,0.020560000000000002
Intel Xeon E3-1240 v2,Intel,69.0,4.0,3.4,160.0,12.7,700.0,712.7,200.0,20000.0,20200.0,0.0204,0.00012,0.02052
Intel Xeon E3-1240 v3,Intel,80.0,4.0,3.4,160.0,12.7,800.0,812.7,200.0,30000.0,30200.0,0.0204,0.00013,0.020530000000000003
Intel Xeon E3-1240L v3,Intel,25.0,4.0,2.0,160.0,12.7,250.0,262.7,200.0,10000.0,10200.0,0.0204,4e-05,0.02044
Intel Xeon E3-1241 v3,Intel,80.0,4.0,3.5,160.0,12.7,800.0,812.7,200.0,30000.0,30200.0,0.0204,0.00013,0.020530000000000003
Intel Xeon E3-1245 v2,Intel,77.0,4.0,3.4,160.0,12.7,800.0,812.7,200.0,30000.0,30200.0,0.0204,0.00013,0.020530000000000003
Intel Xeon E3-1245 v3,Intel,84.0,4.0,3.4,160.0,12.7,800.0,812.7,200.0,30000.0,30200.0,0.0204,0.00014,0.020540000000000003
Intel Xeon E3-1258L v4,Intel,47.0,4.0,1.8,182.0,12.7,500.0,512.7,200.0,20000.0,20200.0,0.0204,8e-05,0.02048
Intel Xeon E3-1265L v2,Intel,45.0,4.0,2.5,160.0,12.7,400.0,412.7,200.0,20000.0,20200.0,0.0204,8e-05,0.02048
Intel Xeon E3-1265L v3,Intel,45.0,4.0,2.5,160.0,12.7,400.0,412.7,200.0,20000.0,20200.0,0.0204,8e-05,0.02048
Intel Xeon E3-1265L v4,Intel,35.0,4.0,2.3,182.0,12.7,300.0,312.7,200.0,10000.0,10200.0,0.0204,6e-05,0.020460000000000002
Intel Xeon E3-1270 v2,Intel,69.0,4.0,3.5,160.0,12.7,700.0,712.7,200.0,20000.0,20200.0,0.0204,0.00012,0.02052
Intel Xeon E3-1270 v3,Intel,80.0,4.0,3.5,160.0,12.7,800.0,812.7,200.0,30000.0,30200.0,0.0204,0.00013,0.020530000000000003
Intel Xeon E3-1270L v4,Intel,45.0,4.0,3.0,182.0,12.7,400.0,412.7,200.0,20000.0,20200.0,0.0204,8e-05,0.02048
Intel Xeon E3-1275 v2,Intel,77.0,4.0,3.5,160.0,12.7,800.0,812.7,200.0,30000.0,30200.0,0.0204,0.00013,0.020530000000000003
Intel Xeon E3-1275 v3,Intel,84.0,4.0,3.5,160.0,12.7,800.0,812.7,200.0,30000.0,30200.0,0.0204,0.00014,0.020540000000000003
Intel Xeon E3-1278L v4,Intel,47.0,4.0,2.0,182.0,12.7,500.0,512.7,200.0,20000.0,20200.0,0.0204,8e-05,0.02048
Intel Xeon E3-1280 v2,Intel,69.0,4.0,3.6,160.0,12.7,700.0,712.7,200.0,20000.0,20200.0,0.0204,0.00012,0.02052
Intel Xeon E3-1280 v3,Intel,82.0,4.0,3.6,160.0,12.7,800.0,812.7,200.0,30000.0,30200.0,0.0204,0.00014,0.020540000000000003
Intel Xeon E3-1280 v5,Intel,80.0,4.0,3.7,160.0,12.7,800.0,812.7,200.0,30000.0,30200.0,0.0204,0.00013,0.020530000000000003
Intel Xeon E3-1283L v4,Intel,47.0,4.0,2.9,182.0,12.7,500.0,512.7,200.0,20000.0,20200.0,0.0204,8e-05,0.02048
Intel Xeon E3-1284L v4,Intel,47.0,4.0,2.9,182.0,12.7,500.0,512.7,200.0,20000.0,20200.0,0.0204,8e-05,0.02048
Intel Xeon E3-1285 v3,Intel,84.0,4.0,3.6,160.0,12.7,800.0,812.7,200.0,30000.0,30200.0,0.0204,0.00014,0.020540000000000003
Intel Xeon E3-1285 v4,Intel,95.0,4.0,3.5,182.0,12.7,900.0,912.7,200.0,30000.0,30200.0,0.0204,0.00016,0.020560000000000002
Intel Xeon E3-1285 v6,Intel,79.0,4.0,4.1,160.0,12.7,800.0,812.7,200.0,30000.0,30200.0,0.0204,0.00013,0.020530000000000003
Intel Xeon E3-1285L v3,Intel,65.0,4.0,3.1,160.0,12.7,600.0,612.7,200.0,20000.0,20200.0,0.0204,0.00011,0.02051
Intel Xeon E3-1285L v4,Intel,65.0,4.0,3.4,160.0,12.7,600.0,612.7,200.0,20000.0,20200.0,0.0204,0.00011,0.02051
Intel Xeon E3-1290,Intel,95.0,4.0,3.6,216.0,12.7,900.0,912.7,200.0,30000.0,30200.0,0.0204,0.00016,0.020560000000000002
Intel Xeon E3-1290 v2,Intel,87.0,4.0,3.7,160.0,12.7,900.0,912.7,200.0,30000.0,30200.0,0.0204,0.00015,0.020550000000000002
Intel Xeon E5-1410,Intel,80.0,4.0,2.8,294.0,12.7,800.0,812.7,200.0,30000.0,30200.0,0.0204,0.00013,0.020530000000000003
Intel Xeon E5-1410 V2,Intel,80.0,4.0,2.8,257.0,12.7,800.0,812.7,200.0,30000.0,30200.0,0.0204,0.00013,0.020530000000000003
Intel Xeon E5-1428L,Intel,60.0,6.0,1.8,294.0,13.0,600.0,613.0,210.0,20000.0,20210.0,0.0204,0.0001,0.0205
Intel Xeon E5-1428L V2,Intel,60.0,6.0,2.2,257.0,13.0,600.0,613.0,210.0,20000.0,20210.0,0.0204,0.0001,0.0205
Intel Xeon E5-1603 V3,Intel,140.0,4.0,2.8,356.0,12.7,1400.0,1412.7,200.0,50000.0,50200.0,0.0204,0.00024,0.020640000000000002
Intel Xeon E5-1607 V3,Intel,140.0,4.0,3.1,356.0,12.7,1400.0,1412.7,200.0,50000.0,50200.0,0.0204,0.00024,0.020640000000000002
Intel Xeon E5-1607 v2,Intel,130.0,4.0,3.0,257.0,12.7,1300.0,1312.7,200.0,40000.0,40200.0,0.0204,0.00022,0.020620000000000003
Intel Xeon E5-1620,Intel,130.0,4.0,3.6,294.0,12.7,1300.0,1312.7,200.0,40000.0,40200.0,0.0204,0.00022,0.020620000000000003
Intel Xeon E5-1620 V3,Intel,140.0,4.0,3.5,356.0,12.7,1400.0,1412.7,200.0,50000.0,50200.0,0.0204,0.00024,0.020640000000000002
Intel Xeon E5-1620 V4,Intel,140.0,4.0,3.5,246.0,12.7,1400.0,1412.7,200.0,50000.0,50200.0,0.0204,0.00024,0.020640000000000002
Intel Xeon E5-1620 v2,Intel,130.0,4.0,3.7,257.0,12.7,1300.0,1312.7,200.0,40000.0,40200.0,0.0204,0.00022,0.020620000000000003
Intel Xeon E5-1630 V3,Intel,140.0,4.0,3.7,356.0,12.7,1400.0,1412.7,200.0,50000.0,50200.0,0.0204,0.00024,0.020640000000000002
Intel Xeon E5-1630 V4,Intel,140.0,4.0,3.7,246.0,12.7,1400.0,1412.7,200.0,50000.0,50200.0,0.0204,0.00024,0.020640000000000002
Intel Xeon E5-1650,Intel,130.0,6.0,3.2,435.0,13.0,1300.0,1313.0,210.0,40000.0,40210.0,0.0204,0.00022,0.020620000000000003
Intel Xeon E5-1650 V3,Intel,140.0,6.0,3.5,356.0,13.0,1400.0,1413.0,210.0,50000.0,50210.0,0.0204,0.00024,0.020640000000000002
Intel Xeon E5-1650 V4,Intel,140.0,6.0,3.6,246.0,13.0,1400.0,1413.0,210.0,50000.0,50210.0,0.0204,0.00024,0.020640000000000002
Intel Xeon E5-1650 v2,Intel,130.0,6.0,3.5,257.0,13.0,1300.0,1313.0,210.0,40000.0,40210.0,0.0204,0.00022,0.020620000000000003
Intel Xeon E5-1660,Intel,130.0,6.0,3.3,435.0,13.0,1300.0,1313.0,210.0,40000.0,40210.0,0.0204,0.00022,0.020620000000000003
Intel Xeon E5-1660 V3,Intel,140.0,8.0,3.0,356.0,16.0,1400.0,1416.0,240.0,50000.0,50240.0,0.0204,0.00024,0.020640000000000002
Intel Xeon E5-1660 V4,Intel,140.0,8.0,3.2,246.0,16.0,1400.0,1416.0,240.0,50000.0,50240.0,0.0204,0.00024,0.020640000000000002
Intel Xeon E5-1660 v2,Intel,130.0,6.0,3.7,257.0,13.0,1300.0,1313.0,210.0,40000.0,40210.0,0.0204,0.00022,0.020620000000000003
Intel Xeon E5-1680 V3,Intel,140.0,8.0,3.2,356.0,16.0,1400.0,1416.0,240.0,50000.0,50240.0,0.0204,0.00024,0.020640000000000002
Intel Xeon E5-1680 V4,Intel,140.0,8.0,3.4,246.0,16.0,1400.0,1416.0,240.0,50000.0,50240.0,0.0204,0.00024,0.020640000000000002
Intel Xeon E5-1680 v2,Intel,130.0,8.0,3.0,341.0,16.0,1300.0,1316.0,240.0,40000.0,40240.0,0.0204,0.00022,0.020620000000000003
Intel Xeon E5-1681 V3,Intel,135.0,10.0,2.9,356.0,17.0,1300.0,1317.0,260.0,50000.0,50260.0,0.0204,0.00023,0.020630000000000003
Intel Xeon E5-1686 V3,Intel,135.0,12.0,2.6,356.0,17.0,1300.0,1317.0,270.0,50000.0,50270.0,0.0204,0.00023,0.020630000000000003
Intel Xeon E5-1691 V3,Intel,135.0,14.0,2.5,356.0,14.4,1300.0,1314.4,227.0,50000.0,50227.0,0.0204,0.00023,0.020630000000000003
Intel Xeon E5-2403,Intel,80.0,4.0,1.8,294.0,12.7,800.0,812.7,200.0,30000.0,30200.0,0.0204,0.00013,0.020530000000000003
Intel Xeon E5-2403 v2,Intel,80.0,4.0,1.8,160.0,12.7,800.0,812.7,200.0,30000.0,30200.0,0.0204,0.00013,0.020530000000000003
Intel Xeon E5-2407,Intel,80.0,4.0,2.2,294.0,12.7,800.0,812.7,200.0,30000.0,30200.0,0.0204,0.00013,0.020530000000000003
Intel Xeon E5-2407 v2,Intel,80.0,4.0,2.4,160.0,12.7,800.0,812.7,200.0,30000.0,30200.0,0.0204,0.00013,0.020530000000000003
Intel Xeon E5-2418L,Intel,50.0,4.0,2.0,294.0,12.7,500.0,512.7,200.0,20000.0,20200.0,0.0204,8e-05,0.02048
Intel Xeon E5-2420,Intel,95.0,6.0,1.9,294.0,13.0,900.0,913.0,210.0,30000.0,30210.0,0.0204,0.00016,0.020560000000000002
Intel Xeon E5-2420 v2,Intel,80.0,6.0,2.2,160.0,13.0,800.0,813.0,210.0,30000.0,30210.0,0.0204,0.00013,0.020530000000000003
Intel Xeon E5-2428L,Intel,60.0,6.0,1.8,294.0,13.0,600.0,613.0,210.0,20000.0,20210.0,0.0204,0.0001,0.0205
Intel Xeon E5-2430,Intel,95.0,6.0,2.2,294.0,13.0,900.0,913.0,210.0,30000.0,30210.0,0.0204,0.00016,0.020560000000000002
Intel Xeon E5-2430 v2,Intel,80.0,6.0,2.5,160.0,13.0,800.0,813.0,210.0,30000.0,30210.0,0.0204,0.00013,0.020530000000000003
Intel Xeon E5-2430L,Intel,60.0,6.0,2.0,294.0,13.0,600.0,613.0,210.0,20000.0,20210.0,0.0204,0.0001,0.0205
Intel Xeon E5-2440,Intel,95.0,6.0,2.4,294.0,13.0,900.0,913.0,210.0,30000.0,30210.0,0.0204,0.00016,0.020560000000000002
Intel Xeon E5-2440 v2,Intel,95.0,8.0,1.9,160.0,16.0,900.0,916.0,240.0,30000.0,30240.0,0.0204,0.00016,0.020560000000000002
Intel Xeon E5-2448L,Intel,70.0,8.0,1.8,294.0,16.0,700.0,716.0,240.0,20000.0,20240.0,0.0204,0.00012,0.02052
Intel Xeon E5-2450,Intel,95.0,8.0,2.1,294.0,16.0,900.0,916.0,240.0,30000.0,30240.0,0.0204,0.00016,0.020560000000000002
Intel Xeon E5-2450 v2,Intel,95.0,8.0,2.5,160.0,16.0,900.0,916.0,240.0,30000.0,30240.0,0.0204,0.00016,0.020560000000000002
Intel Xeon E5-2450L,Intel,70.0,8.0,1.8,294.0,16.0,700.0,716.0,240.0,20000.0,20240.0,0.0204,0.00012,0.02052
Intel Xeon E5-2470,Intel,95.0,8.0,2.3,294.0,16.0,900.0,916.0,240.0,30000.0,30240.0,0.0204,0.00016,0.020560000000000002
Intel Xeon E5-2470 v2,Intel,95.0,10.0,2.4,160.0,17.0,900.0,917.0,260.0,30000.0,30260.0,0.0204,0.00016,0.020560000000000002
Intel Xeon E5-2603,Intel,80.0,4.0,1.8,294.0,12.7,800.0,812.7,200.0,30000.0,30200.0,0.0204,0.00013,0.020530000000000003
Intel Xeon E5-2603 V3,Intel,85.0,6.0,1.6,356.0,13.0,800.0,813.0,210.0,30000.0,30210.0,0.0204,0.00014,0.020540000000000003
Intel Xeon E5-2603 v2,Intel,80.0,4.0,1.8,160.0,12.7,800.0,812.7,200.0,30000.0,30200.0,0.0204,0.00013,0.020530000000000003
Intel Xeon E5-2608L V3,Intel,52.0,6.0,2.0,356.0,13.0,500.0,513.0,210.0,20000.0,20210.0,0.0204,9e-05,0.02049
Intel Xeon E5-2609,Intel,80.0,4.0,2.4,294.0,12.7,800.0,812.7,200.0,30000.0,30200.0,0.0204,0.00013,0.020530000000000003
Intel Xeon E5-2609 V3,Intel,85.0,6.0,1.9,356.0,13.0,800.0,813.0,210.0,30000.0,30210.0,0.0204,0.00014,0.020540000000000003
Intel Xeon E5-2609 v2,Intel,80.0,4.0,2.5,160.0,12.7,800.0,812.7,200.0,30000.0,30200.0,0.0204,0.00013,0.020530000000000003
Intel Xeon E5-2618L V3,Intel,75.0,8.0,2.3,356.0,16.0,700.0,716.0,240.0,30000.0,30240.0,0.0204,0.00013,0.020530000000000003
Intel Xeon E5-2620,Intel,95.0,6.0,2.0,435.0,13.0,900.0,913.0,210.0,30000.0,30210.0,0.0204,0.00016,0.020560000000000002
Intel Xeon E5-2620 V3,Intel,85.0,6.0,2.4,356.0,13.0,800.0,813.0,210.0,30000.0,30210.0,0.0204,0.00014,0.020540000000000003
Intel Xeon E5-2620 v2,Intel,80.0,6.0,2.1,160.0,13.0,800.0,813.0,210.0,30000.0,30210.0,0.0204,0.00013,0.020530000000000003
Intel Xeon E5-2622 V3,Intel,85.0,8.0,2.4,356.0,16.0,800.0,816.0,240.0,30000.0,30240.0,0.0204,0.00014,0.020540000000000003
Intel Xeon E5-2623 V3,Intel,105.0,4.0,3.0,356.0,12.7,1000.0,1012.7,200.0,40000.0,40200.0,0.0204,0.00018,0.02058
Intel Xeon E5-2628 V3,Intel,85.0,8.0,2.5,356.0,16.0,800.0,816.0,240.0,30000.0,30240.0,0.0204,0.00014,0.020540000000000003
Intel Xeon E5-2628L V3,Intel,75.0,10.0,2.0,356.0,17.0,700.0,717.0,260.0,30000.0,30260.0,0.0204,0.00013,0.020530000000000003
Intel Xeon E5-2629 V3,Intel,85.0,8.0,2.4,356.0,16.0,800.0,816.0,240.0,30000.0,30240.0,0.0204,0.00014,0.020540000000000003
Intel Xeon E5-2630,Intel,95.0,6.0,2.3,435.0,13.0,900.0,913.0,210.0,30000.0,30210.0,0.0204,0.00016,0.020560000000000002
Intel Xeon E5-2630 V3,Intel,85.0,8.0,2.4,356.0,16.0,800.0,816.0,240.0,30000.0,30240.0,0.0204,0.00014,0.020540000000000003
Intel Xeon E5-2630 v2,Intel,80.0,6.0,2.6,160.0,13.0,800.0,813.0,210.0,30000.0,30210.0,0.0204,0.00013,0.020530000000000003
Intel Xeon E5-2630L,Intel,60.0,6.0,2.0,435.0,13.0,600.0,613.0,210.0,20000.0,20210.0,0.0204,0.0001,0.0205
Intel Xeon E5-2630L V3,Intel,55.0,8.0,1.8,356.0,16.0,500.0,516.0,240.0,20000.0,20240.0,0.0204,9e-05,0.02049
Intel Xeon E5-2630L v2,Intel,60.0,6.0,2.4,160.0,13.0,600.0,613.0,210.0,20000.0,20210.0,0.0204,0.0001,0.0205
Intel Xeon E5-2637,Intel,80.0,2.0,3.0,294.0,17.0,800.0,817.0,260.0,30000.0,30260.0,0.0204,0.00013,0.020530000000000003
Intel Xeon E5-2637 V3,Intel,135.0,4.0,3.5,356.0,12.7,1300.0,1312.7,200.0,50000.0,50200.0,0.0204,0.00023,0.020630000000000003
Intel Xeon E5-2637 v2,Intel,130.0,4.0,3.5,160.0,12.7,1300.0,1312.7,200.0,40000.0,40200.0,0.0204,0.00022,0.020620000000000003
Intel Xeon E5-2640,Intel,95.0,6.0,2.5,435.0,13.0,900.0,913.0,210.0,30000.0,30210.0,0.0204,0.00016,0.020560000000000002
Intel Xeon E5-2640 V3,Intel,90.0,8.0,2.6,356.0,16.0,900.0,916.0,240.0,30000.0,30240.0,0.0204,0.00015,0.020550000000000002
Intel Xeon E5-2640 v2,Intel,95.0,8.0,2.0,160.0,16.0,900.0,916.0,240.0,30000.0,30240.0,0.0204,0.00016,0.020560000000000002
Intel Xeon E5-2643,Intel,130.0,4.0,3.3,294.0,12.7,1300.0,1312.7,200.0,40000.0,40200.0,0.0204,0.00022,0.020620000000000003
Intel Xeon E5-2643 V3,Intel,135.0,6.0,3.4,356.0,13.0,1300.0,1313.0,210.0,50000.0,50210.0,0.0204,0.00023,0.020630000000000003
Intel Xeon E5-2643 v2,Intel,130.0,6.0,3.5,160.0,13.0,1300.0,1313.0,210.0,40000.0,40210.0,0.0204,0.00022,0.020620000000000003
Intel Xeon E5-2648L,Intel,70.0,8.0,1.8,435.0,16.0,700.0,716.0,240.0,20000.0,20240.0,0.0204,0.00012,0.02052
Intel Xeon E5-2648L V3,Intel,75.0,12.0,1.8,356.0,17.0,700.0,717.0,270.0,30000.0,30270.0,0.0204,0.00013,0.020530000000000003
Intel Xeon E5-2649 V3,Intel,105.0,10.0,2.3,356.0,17.0,1000.0,1017.0,260.0,40000.0,40260.0,0.0204,0.00018,0.02058
Intel Xeon E5-2650,Intel,95.0,8.0,2.0,435.0,16.0,900.0,916.0,240.0,30000.0,30240.0,0.0204,0.00016,0.020560000000000002
Intel Xeon E5-2650 V3,Intel,105.0,10.0,2.3,356.0,17.0,1000.0,1017.0,260.0,40000.0,40260.0,0.0204,0.00018,0.02058
Intel Xeon E5-2650 v2,Intel,95.0,8.0,2.6,160.0,16.0,900.0,916.0,240.0,30000.0,30240.0,0.0204,0.00016,0.020560000000000002
Intel Xeon E5-2650L,Intel,70.0,8.0,1.8,435.0,16.0,700.0,716.0,240.0,20000.0,20240.0,0.0204,0.00012,0.02052
Intel Xeon E5-2650L V3,Intel,65.0,12.0,1.8,356.0,17.0,600.0,617.0,270.0,20000.0,20270.0,0.0204,0.00011,0.02051
Intel Xeon E5-2650L v2,Intel,70.0,10.0,1.7,160.0,17.0,700.0,717.0,260.0,20000.0,20260.0,0.0204,0.00012,0.02052
Intel Xeon E5-2652 V3,Intel,105.0,10.0,2.3,356.0,17.0,1000.0,1017.0,260.0,40000.0,40260.0,0.0204,0.00018,0.02058
Intel Xeon E5-2658,Intel,95.0,8.0,2.1,435.0,16.0,900.0,916.0,240.0,30000.0,30240.0,0.0204,0.00016,0.020560000000000002
Intel Xeon E5-2658 V3,Intel,105.0,12.0,2.2,356.0,17.0,1000.0,1017.0,270.0,40000.0,40270.0,0.0204,0.00018,0.02058
Intel Xeon E5-2658A V3,Intel,105.0,12.0,2.2,356.0,17.0,1000.0,1017.0,270.0,40000.0,40270.0,0.0204,0.00018,0.02058
Intel Xeon E5-2660,Intel,95.0,8.0,2.2,435.0,16.0,900.0,916.0,240.0,30000.0,30240.0,0.0204,0.00016,0.020560000000000002
Intel Xeon E5-2660 V3,Intel,105.0,10.0,2.6,356.0,17.0,1000.0,1017.0,260.0,40000.0,40260.0,0.0204,0.00018,0.02058
Intel Xeon E5-2660 v2,Intel,95.0,10.0,2.2,160.0,17.0,900.0,917.0,260.0,30000.0,30260.0,0.0204,0.00016,0.020560000000000002
Intel Xeon E5-2663 V3,Intel,105.0,10.0,2.8,356.0,17.0,1000.0,1017.0,260.0,40000.0,40260.0,0.0204,0.00018,0.02058
Intel Xeon E5-2665,Intel,115.0,8.0,2.4,435.0,16.0,1100.0,1116.0,240.0,40000.0,40240.0,0.0204,0.00019,0.02059
Intel Xeon E5-2666 V3,Intel,135.0,10.0,2.9,356.0,17.0,1300.0,1317.0,260.0,50000.0,50260.0,0.0204,0.00023,0.020630000000000003
Intel Xeon E5-2667,Intel,130.0,6.0,2.9,435.0,13.0,1300.0,1313.0,210.0,40000.0,40210.0,0.0204,0.00022,0.020620000000000003
Intel Xeon E5-2667 V3,Intel,135.0,8.0,3.2,356.0,16.0,1300.0,1316.0,240.0,50000.0,50240.0,0.0204,0.00023,0.020630000000000003
Intel Xeon E5-2667 v2,Intel,130.0,8.0,3.3,160.0,16.0,1300.0,1316.0,240.0,40000.0,40240.0,0.0204,0.00022,0.020620000000000003
Intel Xeon E5-2669 V3,Intel,120.0,12.0,2.3,356.0,17.0,1200.0,1217.0,270.0,40000.0,40270.0,0.0204,0.0002,0.0206
Intel Xeon E5-2670,Intel,115.0,8.0,2.6,435.0,16.0,1100.0,1116.0,240.0,40000.0,40240.0,0.0204,0.00019,0.02059
Intel Xeon E5-2670 V3,Intel,120.0,12.0,2.3,356.0,17.0,1200.0,1217.0,270.0,40000.0,40270.0,0.0204,0.0002,0.0206
Intel Xeon E5-2670 v2,Intel,115.0,10.0,2.5,160.0,17.0,1100.0,1117.0,260.0,40000.0,40260.0,0.0204,0.00019,0.02059
Intel Xeon E5-2673 V3,Intel,105.0,12.0,2.4,356.0,17.0,1000.0,1017.0,270.0,40000.0,40270.0,0.0204,0.00018,0.02058
Intel Xeon E5-2675 V3,Intel,110.0,16.0,1.8,356.0,21.0,1100.0,1121.0,320.0,40000.0,40320.0,0.0204,0.00019,0.02059
Intel Xeon E5-2676 V3,Intel,120.0,12.0,2.4,356.0,17.0,1200.0,1217.0,270.0,40000.0,40270.0,0.0204,0.0002,0.0206
Intel Xeon E5-2678 V3,Intel,120.0,12.0,2.5,356.0,17.0,1200.0,1217.0,270.0,40000.0,40270.0,0.0204,0.0002,0.0206
Intel Xeon E5-2680,Intel,130.0,8.0,2.7,435.0,16.0,1300.0,1316.0,240.0,40000.0,40240.0,0.0204,0.00022,0.020620000000000003
Intel Xeon E5-2680 V3,Intel,120.0,12.0,2.5,356.0,17.0,1200.0,1217.0,270.0,40000.0,40270.0,0.0204,0.0002,0.0206
Intel Xeon E5-2680 v2,Intel,115.0,10.0,2.8,160.0,17.0,1100.0,1117.0,260.0,40000.0,40260.0,0.0204,0.00019,0.02059
Intel Xeon E5-2683 V3,Intel,120.0,14.0,2.0,356.0,14.4,1200.0,1214.4,227.0,40000.0,40227.0,0.0204,0.0002,0.0206
Intel Xeon E5-2685 V3,Intel,120.0,12.0,2.6,356.0,17.0,1200.0,1217.0,270.0,40000.0,40270.0,0.0204,0.0002,0.0206
Intel Xeon E5-2687W,Intel,150.0,8.0,3.1,435.0,16.0,1500.0,1516.0,240.0,100000.0,100240.0,0.0204,0.00025,0.02065
Intel Xeon E5-2687W V3,Intel,160.0,10.0,3.1,356.0,17.0,1600.0,1617.0,260.0,100000.0,100260.0,0.0204,0.0003,0.020700000000000003
Intel Xeon E5-2687W v2,Intel,130.0,8.0,3.4,160.0,16.0,1300.0,1316.0,240.0,40000.0,40240.0,0.0204,0.00022,0.020620000000000003
Intel Xeon E5-2690,Intel,135.0,8.0,2.9,435.0,16.0,1300.0,1316.0,240.0,50000.0,50240.0,0.0204,0.00023,0.020630000000000003
Intel Xeon E5-2690 V3,Intel,135.0,12.0,2.6,356.0,17.0,1300.0,1317.0,270.0,50000.0,50270.0,0.0204,0.00023,0.020630000000000003
Intel Xeon E5-2690 v2,Intel,130.0,10.0,3.0,160.0,17.0,1300.0,1317.0,260.0,40000.0,40260.0,0.0204,0.00022,0.020620000000000003
Intel Xeon E5-2692 V3,Intel,165.0,12.0,3.0,356.0,17.0,1600.0,1617.0,270.0,100000.0,100270.0,0.0204,0.0003,0.020700000000000003
Intel Xeon E5-2692 v2,Intel,100.0,12.0,2.2,160.0,17.0,1000.0,1017.0,270.0,30000.0,30270.0,0.0204,0.00017,0.02057
Intel Xeon E5-2693 V3,Intel,160.0,12.0,2.8,356.0,17.0,1600.0,1617.0,270.0,100000.0,100270.0,0.0204,0.0003,0.020700000000000003
Intel Xeon E5-2695 V3,Intel,120.0,14.0,2.3,356.0,14.4,1200.0,1214.4,227.0,40000.0,40227.0,0.0204,0.0002,0.0206
Intel Xeon E5-2695 v2,Intel,115.0,12.0,2.4,160.0,17.0,1100.0,1117.0,270.0,40000.0,40270.0,0.0204,0.00019,0.02059
Intel Xeon E5-2697 V3,Intel,145.0,14.0,2.6,356.0,14.4,1400.0,1414.4,227.0,50000.0,50227.0,0.0204,0.00024,0.020640000000000002
Intel Xeon E5-2697 v2,Intel,130.0,12.0,2.7,160.0,17.0,1300.0,1317.0,270.0,40000.0,40270.0,0.0204,0.00022,0.020620000000000003
Intel Xeon E5-2698 V3,Intel,135.0,16.0,2.3,356.0,21.0,1300.0,1321.0,320.0,50000.0,50320.0,0.0204,0.00023,0.020630000000000003
Intel Xeon E5-2698A V3,Intel,165.0,16.0,2.8,356.0,21.0,1600.0,1621.0,320.0,100000.0,100320.0,0.0204,0.0003,0.020700000000000003
Intel Xeon E5-2698B V3,Intel,135.0,16.0,2.0,356.0,21.0,1300.0,1321.0,320.0,50000.0,50320.0,0.0204,0.00023,0.020630000000000003
Intel Xeon E5-4603,Intel,95.0,4.0,2.0,294.0,12.7,900.0,912.7,200.0,30000.0,30200.0,0.0204,0.00016,0.020560000000000002
Intel Xeon E5-4607,Intel,95.0,6.0,2.2,435.0,13.0,900.0,913.0,210.0,30000.0,30210.0,0.0204,0.00016,0.020560000000000002
Intel Xeon E5-4610,Intel,130.0,6.0,2.4,435.0,13.0,1300.0,1313.0,210.0,40000.0,40210.0,0.0204,0.00022,0.020620000000000003
Intel Xeon E5-4610 V3,Intel,105.0,10.0,1.7,356.0,17.0,1000.0,1017.0,260.0,40000.0,40260.0,0.0204,0.00018,0.02058
Intel Xeon E5-4617,Intel,130.0,6.0,2.9,435.0,13.0,1300.0,1313.0,210.0,40000.0,40210.0,0.0204,0.00022,0.020620000000000003
Intel Xeon E5-4620,Intel,130.0,8.0,2.7,435.0,16.0,1300.0,1316.0,240.0,40000.0,40240.0,0.0204,0.00022,0.020620000000000003
Intel Xeon E5-4620 V3,Intel,105.0,10.0,2.0,356.0,17.0,1000.0,1017.0,260.0,40000.0,40260.0,0.0204,0.00018,0.02058
Intel Xeon E5-4627 V3,Intel,135.0,10.0,2.6,356.0,17.0,1300.0,1317.0,260.0,50000.0,50260.0,0.0204,0.00023,0.020630000000000003
Intel Xeon E5-4640,Intel,95.0,8.0,2.4,435.0,16.0,900.0,916.0,240.0,30000.0,30240.0,0.0204,0.00016,0.020560000000000002
Intel Xeon E5-4640 V3,Intel,105.0,12.0,1.9,356.0,17.0,1000.0,1017.0,270.0,40000.0,40270.0,0.0204,0.00018,0.02058
Intel Xeon E5-4648 V3,Intel,105.0,12.0,1.7,356.0,17.0,1000.0,1017.0,270.0,40000.0,40270.0,0.0204,0.00018,0.02058
Intel Xeon E5-4650,Intel,130.0,8.0,2.7,435.0,16.0,1300.0,1316.0,240.0,40000.0,40240.0,0.0204,0.00022,0.020620000000000003
Intel Xeon E5-4650 V3,Intel,105.0,12.0,2.1,356.0,17.0,1000.0,1017.0,270.0,40000.0,40270.0,0.0204,0.00018,0.02058
Intel Xeon E5-4650L,Intel,115.0,8.0,2.6,435.0,16.0,1100.0,1116.0,240.0,40000.0,40240.0,0.0204,0.00019,0.02059
Intel Xeon E5-4655 V3,Intel,135.0,6.0,2.9,356.0,13.0,1300.0,1313.0,210.0,50000.0,50210.0,0.0204,0.00023,0.020630000000000003
Intel Xeon E5-4660 V3,Intel,120.0,14.0,2.1,356.0,14.4,1200.0,1214.4,227.0,40000.0,40227.0,0.0204,0.0002,0.0206
Intel Xeon E5-4667 V3,Intel,135.0,16.0,2.0,356.0,21.0,1300.0,1321.0,320.0,50000.0,50320.0,0.0204,0.00023,0.020630000000000003
Intel Xeon E5502,Intel,80.0,2.0,1.866,263.0,17.0,800.0,817.0,260.0,30000.0,30260.0,0.0204,0.00013,0.020530000000000003
Intel Xeon E5503,Intel,80.0,2.0,2.0,263.0,17.0,800.0,817.0,260.0,30000.0,30260.0,0.0204,0.00013,0.020530000000000003
Intel Xeon E5504,Intel,80.0,4.0,2.0,263.0,12.7,800.0,812.7,200.0,30000.0,30200.0,0.0204,0.00013,0.020530000000000003
Intel Xeon E5506,Intel,80.0,4.0,2.133,263.0,12.7,800.0,812.7,200.0,30000.0,30200.0,0.0204,0.00013,0.020530000000000003
Intel Xeon E5507,Intel,80.0,4.0,2.266,263.0,12.7,800.0,812.7,200.0,30000.0,30200.0,0.0204,0.00013,0.020530000000000003
Intel Xeon E5520,Intel,80.0,4.0,2.266,263.0,12.7,800.0,812.7,200.0,30000.0,30200.0,0.0204,0.00013,0.020530000000000003
Intel Xeon E5530,Intel,80.0,4.0,2.4,263.0,12.7,800.0,812.7,200.0,30000.0,30200.0,0.0204,0.00013,0.020530000000000003
Intel Xeon E5540,Intel,80.0,4.0,2.533,263.0,12.7,800.0,812.7,200.0,30000.0,30200.0,0.0204,0.00013,0.020530000000000003
Intel Xeon E5603,Intel,80.0,4.0,1.6,239.0,12.7,800.0,812.7,200.0,30000.0,30200.0,0.0204,0.00013,0.020530000000000003
Intel Xeon E5606,Intel,80.0,4.0,2.133,239.0,12.7,800.0,812.7,200.0,30000.0,30200.0,0.0204,0.00013,0.020530000000000003
Intel Xeon E5607,Intel,80.0,4.0,2.266,239.0,12.7,800.0,812.7,200.0,30000.0,30200.0,0.0204,0.00013,0.020530000000000003
Intel Xeon E5620,Intel,80.0,4.0,2.4,239.0,12.7,800.0,812.7,200.0,30000.0,30200.0,0.0204,0.00013,0.020530000000000003
Intel Xeon E5630,Intel,80.0,4.0,2.533,239.0,12.7,800.0,812.7,200.0,30000.0,30200.0,0.0204,0.00013,0.020530000000000003
Intel Xeon E5640,Intel,80.0,4.0,2.666,239.0,12.7,800.0,812.7,200.0,30000.0,30200.0,0.0204,0.00013,0.020530000000000003
Intel Xeon E5645,Intel,80.0,6.0,2.4,239.0,13.0,800.0,813.0,210.0,30000.0,30210.0,0.0204,0.00013,0.020530000000000003
Intel Xeon E5649,Intel,80.0,6.0,2.533,239.0,13.0,800.0,813.0,210.0,30000.0,30210.0,0.0204,0.00013,0.020530000000000003
Intel Xeon E7-4809 v3,Intel,115.0,8.0,2.0,356.0,16.0,1100.0,1116.0,240.0,40000.0,40240.0,0.0204,0.00019,0.02059
Intel Xeon E7-4820 v3,Intel,115.0,10.0,1.9,622.0,17.0,1100.0,1117.0,260.0,40000.0,40260.0,0.0204,0.00019,0.02059
Intel Xeon E7-4830 v3,Intel,115.0,12.0,2.1,160.0,17.0,1100.0,1117.0,270.0,40000.0,40270.0,0.0204,0.00019,0.02059
Intel Xeon E7-4850 v3,Intel,115.0,14.0,2.2,160.0,14.4,1100.0,1114.4,227.0,40000.0,40227.0,0.0204,0.00019,0.02059
Intel Xeon E7-8850,Intel,130.0,10.0,2.0,513.0,17.0,1300.0,1317.0,260.0,40000.0,40260.0,0.0204,0.00022,0.020620000000000003
Intel Xeon E7-8860,Intel,130.0,10.0,2.276,513.0,17.0,1300.0,1317.0,260.0,40000.0,40260.0,0.0204,0.00022,0.020620000000000003
Intel Xeon E7-8860 v3,Intel,140.0,16.0,2.2,160.0,21.0,1400.0,1421.0,320.0,50000.0,50320.0,0.0204,0.00024,0.020640000000000002
Intel Xeon E7-8867 v3,Intel,165.0,16.0,2.5,160.0,21.0,1600.0,1621.0,320.0,100000.0,100320.0,0.0204,0.0003,0.020700000000000003
Intel Xeon E7-8870,Intel,130.0,10.0,2.4,513.0,17.0,1300.0,1317.0,260.0,40000.0,40260.0,0.0204,0.00022,0.020620000000000003
Intel Xeon E7-8891 v3,Intel,165.0,10.0,2.8,160.0,17.0,1600.0,1617.0,260.0,100000.0,100260.0,0.0204,0.0003,0.020700000000000003
Intel Xeon E7-8893 v3,Intel,140.0,4.0,3.2,160.0,12.7,1400.0,1412.7,200.0,50000.0,50200.0,0.0204,0.00024,0.020640000000000002
Intel Xeon L5506,Intel,60.0,4.0,2.133,263.0,12.7,600.0,612.7,200.0,20000.0,20200.0,0.0204,0.0001,0.0205
Intel Xeon L5508,Intel,38.0,2.0,2.0,263.0,17.0,400.0,417.0,260.0,10000.0,10260.0,0.0204,6e-05,0.020460000000000002
Intel Xeon L5518,Intel,60.0,4.0,2.133,263.0,12.7,600.0,612.7,200.0,20000.0,20200.0,0.0204,0.0001,0.0205
Intel Xeon L5520,Intel,60.0,4.0,2.266,263.0,12.7,600.0,612.7,200.0,20000.0,20200.0,0.0204,0.0001,0.0205
Intel Xeon L5530,Intel,60.0,4.0,2.4,263.0,12.7,600.0,612.7,200.0,20000.0,20200.0,0.0204,0.0001,0.0205
Intel Xeon L5609,Intel,40.0,4.0,1.866,239.0,12.7,400.0,412.7,200.0,10000.0,10200.0,0.0204,7e-05,0.020470000000000002
Intel Xeon L5618,Intel,40.0,4.0,1.866,239.0,12.7,400.0,412.7,200.0,10000.0,10200.0,0.0204,7e-05,0.020470000000000002
Intel Xeon L5630,Intel,40.0,4.0,2.133,239.0,12.7,400.0,412.7,200.0,10000.0,10200.0,0.0204,7e-05,0.020470000000000002
Intel Xeon L5638,Intel,60.0,6.0,2.0,239.0,13.0,600.0,613.0,210.0,20000.0,20210.0,0.0204,0.0001,0.0205
Intel Xeon L5640,Intel,60.0,6.0,2.266,239.0,13.0,600.0,613.0,210.0,20000.0,20210.0,0.0204,0.0001,0.0205
Intel Xeon MP 3.0,Intel,85.0,1.0,3.0,269.0,13.71,800.0,813.71,217.5,30000.0,30217.5,0.0204,0.00014,0.020540000000000003
Intel Xeon MP 7020 Dual-Core,Intel,135.0,2.0,2.667,213.0,17.0,1300.0,1317.0,260.0,50000.0,50260.0,0.0204,0.00023,0.020630000000000003
Intel Xeon MP 7030 Dual-Core,Intel,135.0,2.0,2.833,213.0,17.0,1300.0,1317.0,260.0,50000.0,50260.0,0.0204,0.00023,0.020630000000000003
Intel Xeon MP 7040 Dual-Core,Intel,135.0,2.0,3.0,213.0,17.0,1300.0,1317.0,260.0,50000.0,50260.0,0.0204,0.00023,0.020630000000000003
Intel Xeon MP 7041 Dual-Core,Intel,135.0,2.0,3.0,213.0,17.0,1300.0,1317.0,260.0,50000.0,50260.0,0.0204,0.00023,0.020630000000000003
Intel Xeon W-11855M,Intel,35.0,6.0,3.2,190.0,13.0,300.0,313.0,210.0,10000.0,10210.0,0.0204,6e-05,0.020460000000000002
Intel Xeon W-11955M,Intel,35.0,8.0,2.1,190.0,16.0,300.0,316.0,240.0,10000.0,10240.0,0.0204,6e-05,0.020460000000000002
Intel Xeon W-1290,Intel,80.0,10.0,3.2,206.0,17.0,800.0,817.0,260.0,30000.0,30260.0,0.0204,0.00013,0.020530000000000003
Intel Xeon W-1290P,Intel,125.0,10.0,3.7,206.0,17.0,1200.0,1217.0,260.0,40000.0,40260.0,0.0204,0.00021,0.02061
Intel Xeon W-2102,Intel,120.0,4.0,2.9,484.0,12.7,1200.0,1212.7,200.0,40000.0,40200.0,0.0204,0.0002,0.0206
Intel Xeon W-2104,Intel,120.0,4.0,3.2,484.0,12.7,1200.0,1212.7,200.0,40000.0,40200.0,0.0204,0.0002,0.0206
Intel Xeon W-2123,Intel,120.0,4.0,3.6,484.0,12.7,1200.0,1212.7,200.0,40000.0,40200.0,0.0204,0.0002,0.0206
Intel Xeon W-2125,Intel,120.0,4.0,4.0,484.0,12.7,1200.0,1212.7,200.0,40000.0,40200.0,0.0204,0.0002,0.0206
Intel Xeon W-2133,Intel,140.0,6.0,3.6,484.0,13.0,1400.0,1413.0,210.0,50000.0,50210.0,0.0204,0.00024,0.020640000000000002
Intel Xeon W-2135,Intel,140.0,6.0,3.7,484.0,13.0,1400.0,1413.0,210.0,50000.0,50210.0,0.0204,0.00024,0.020640000000000002
Intel Xeon W-2140B,Intel,120.0,8.0,3.2,484.0,16.0,1200.0,1216.0,240.0,40000.0,40240.0,0.0204,0.0002,0.0206
Intel Xeon W-2145,Intel,140.0,8.0,3.7,484.0,16.0,1400.0,1416.0,240.0,50000.0,50240.0,0.0204,0.00024,0.020640000000000002
Intel Xeon W-2150B,Intel,120.0,10.0,3.0,484.0,17.0,1200.0,1217.0,260.0,40000.0,40260.0,0.0204,0.0002,0.0206
Intel Xeon W-2155,Intel,140.0,10.0,3.3,484.0,17.0,1400.0,1417.0,260.0,50000.0,50260.0,0.0204,0.00024,0.020640000000000002
Intel Xeon W-2170B,Intel,140.0,14.0,2.5,484.0,14.4,1400.0,1414.4,227.0,50000.0,50227.0,0.0204,0.00024,0.020640000000000002
Intel Xeon W-2175,Intel,140.0,14.0,2.5,484.0,14.4,1400.0,1414.4,227.0,50000.0,50227.0,0.0204,0.00024,0.020640000000000002
Intel Xeon W3503,Intel,130.0,2.0,2.4,263.0,17.0,1300.0,1317.0,260.0,40000.0,40260.0,0.0204,0.00022,0.020620000000000003
Intel Xeon W3505,Intel,130.0,2.0,2.533,263.0,17.0,1300.0,1317.0,260.0,40000.0,40260.0,0.0204,0.00022,0.020620000000000003
Intel Xeon W3520,Intel,130.0,4.0,2.666,263.0,12.7,1300.0,1312.7,200.0,40000.0,40200.0,0.0204,0.00022,0.020620000000000003
Intel Xeon W3530,Intel,130.0,4.0,2.8,263.0,12.7,1300.0,1312.7,200.0,40000.0,40200.0,0.0204,0.00022,0.020620000000000003
Intel Xeon W3540,Intel,130.0,4.0,2.933,263.0,12.7,1300.0,1312.7,200.0,40000.0,40200.0,0.0204,0.00022,0.020620000000000003
Intel Xeon W3550,Intel,130.0,4.0,3.066,263.0,12.7,1300.0,1312.7,200.0,40000.0,40200.0,0.0204,0.00022,0.020620000000000003
Intel Xeon W3565,Intel,130.0,4.0,3.2,263.0,12.7,1300.0,1312.7,200.0,40000.0,40200.0,0.0204,0.00022,0.020620000000000003
Intel Xeon W3570,Intel,130.0,4.0,3.2,263.0,12.7,1300.0,1312.7,200.0,40000.0,40200.0,0.0204,0.00022,0.020620000000000003
Intel Xeon W3580,Intel,130.0,4.0,3.333,263.0,12.7,1300.0,1312.7,200.0,40000.0,40200.0,0.0204,0.00022,0.020620000000000003
Intel Xeon W3670,Intel,130.0,6.0,3.2,239.0,13.0,1300.0,1313.0,210.0,40000.0,40210.0,0.0204,0.00022,0.020620000000000003
Intel Xeon W3680,Intel,130.0,6.0,3.333,239.0,13.0,1300.0,1313.0,210.0,40000.0,40210.0,0.0204,0.00022,0.020620000000000003
Intel Xeon W3690,Intel,130.0,6.0,3.466,239.0,13.0,1300.0,1313.0,210.0,40000.0,40210.0,0.0204,0.00022,0.020620000000000003
Intel Xeon W5580,Intel,130.0,4.0,3.2,263.0,12.7,1300.0,1312.7,200.0,40000.0,40200.0,0.0204,0.00022,0.020620000000000003
Intel Xeon W5590,Intel,130.0,4.0,3.333,263.0,12.7,1300.0,1312.7,200.0,40000.0,40200.0,0.0204,0.00022,0.020620000000000003
Intel Xeon X5550,Intel,95.0,4.0,2.666,263.0,12.7,900.0,912.7,200.0,30000.0,30200.0,0.0204,0.00016,0.020560000000000002
Intel Xeon X5560,Intel,95.0,4.0,2.8,263.0,12.7,900.0,912.7,200.0,30000.0,30200.0,0.0204,0.00016,0.020560000000000002
Intel Xeon X5570,Intel,95.0,4.0,2.933,263.0,12.7,900.0,912.7,200.0,30000.0,30200.0,0.0204,0.00016,0.020560000000000002
Intel Xeon X5647,Intel,130.0,4.0,2.933,239.0,12.7,1300.0,1312.7,200.0,40000.0,40200.0,0.0204,0.00022,0.020620000000000003
Intel Xeon X5650,Intel,95.0,6.0,2.666,239.0,13.0,900.0,913.0,210.0,30000.0,30210.0,0.0204,0.00016,0.020560000000000002
Intel Xeon X5660,Intel,95.0,6.0,2.8,239.0,13.0,900.0,913.0,210.0,30000.0,30210.0,0.0204,0.00016,0.020560000000000002
Intel Xeon X5667,Intel,95.0,4.0,3.066,239.0,12.7,900.0,912.7,200.0,30000.0,30200.0,0.0204,0.00016,0.020560000000000002
Intel Xeon X5670,Intel,95.0,6.0,2.933,239.0,13.0,900.0,913.0,210.0,30000.0,30210.0,0.0204,0.00016,0.020560000000000002
Intel Xeon X5672,Intel,95.0,4.0,3.2,239.0,12.7,900.0,912.7,200.0,30000.0,30200.0,0.0204,0.00016,0.020560000000000002
Intel Xeon X5675,Intel,95.0,6.0,3.066,239.0,13.0,900.0,913.0,210.0,30000.0,30210.0,0.0204,0.00016,0.020560000000000002
Intel Xeon X5677,Intel,130.0,4.0,3.466,239.0,12.7,1300.0,1312.7,200.0,40000.0,40200.0,0.0204,0.00022,0.020620000000000003
Intel Xeon X5680,Intel,130.0,6.0,3.333,239.0,13.0,1300.0,1313.0,210.0,40000.0,40210.0,0.0204,0.00022,0.020620000000000003
Intel Xeon X5687,Intel,130.0,4.0,3.6,239.0,12.7,1300.0,1312.7,200.0,40000.0,40200.0,0.0204,0.00022,0.020620000000000003
Intel Xeon X5690,Intel,130.0,6.0,3.466,239.0,13.0,1300.0,1313.0,210.0,40000.0,40210.0,0.0204,0.00022,0.020620000000000003
Intel Xeon X5698,Intel,130.0,2.0,4.4,239.0,17.0,1300.0,1317.0,260.0,40000.0,40260.0,0.0204,0.00022,0.020620000000000003
VIA Centaur CHA,VIA,70.0,8.0,1.2,195.0,16.0,700.0,716.0,240.0,20000.0,20240.0,0.0204,0.00012,0.02052
VIA Nano L2100,VIA,25.0,1.0,1.8,63.0,13.71,250.0,263.71,217.5,10000.0,10217.5,0.0204,4e-05,0.02044
VIA Nano L2200,VIA,17.0,1.0,1.6,63.0,13.71,170.0,183.71,217.5,10000.0,10217.5,0.0204,3e-05,0.02043
VIA Nano QuadCore C4650,VIA,18.0,4.0,1.333,46.0,12.7,180.0,192.7,200.0,10000.0,10200.0,0.0204,3e-05,0.02043
VIA Nano QuadCore C4650 ES,VIA,18.0,4.0,2.0,46.0,12.7,180.0,192.7,200.0,10000.0,10200.0,0.0204,3e-05,0.02043
VIA Nano QuadCore C4700,VIA,35.0,4.0,1.333,46.0,12.7,300.0,312.7,200.0,10000.0,10200.0,0.0204,6e-05,0.020460000000000002
VIA Nano QuadCore L4700,VIA,28.0,4.0,1.2,132.0,12.7,280.0,292.7,200.0,10000.0,10200.0,0.0204,5e-05,0.020450000000000003
VIA Nano QuadCore L4800,VIA,28.0,4.0,1.466,132.0,12.7,280.0,292.7,200.0,10000.0,10200.0,0.0204,5e-05,0.020450000000000003
VIA Nano U2225,VIA,10.0,1.0,1.3,63.0,13.71,100.0,113.71000000000001,217.5,3000.0,3217.5,0.0204,1.7e-05,0.020417
VIA Nano U2250,VIA,10.0,1.0,1.3,63.0,13.71,100.0,113.71000000000001,217.5,3000.0,3217.5,0.0204,1.7e-05,0.020417
VIA Nano U2300,VIA,5.0,1.0,1.0,63.0,13.71,50.0,63.71,217.5,2000.0,2217.5,0.0204,8e-06,0.020408000000000003
VIA Nano U2350,VIA,8.0,1.0,1.3,63.0,13.71,80.0,93.71000000000001,217.5,3000.0,3217.5,0.0204,1.3e-05,0.020413
VIA Nano U2400,VIA,8.0,1.0,1.3,63.0,13.71,80.0,93.71000000000001,217.5,3000.0,3217.5,0.0204,1.3e-05,0.020413
VIA Nano U2500,VIA,7.0,1.0,1.2,63.0,13.71,70.0,83.71000000000001,217.5,2000.0,2217.5,0.0204,1.2e-05,0.020412000000000003
VIA Nano X2 U4300,VIA,13.0,2.0,1.2,66.0,17.0,130.0,147.0,260.0,4000.0,4260.0,0.0204,2.2e-05,0.020422000000000003
